// 4.21.4 0xe8f66f10 D2 AY R0 FARGB8888 U888 N0 SExtFlashSection
// Generated by imageconverter. Please, do not edit!

#include <touchgfx/hal/Config.hpp>

LOCATION_PRAGMA("ExtFlashSection")
KEEP extern const unsigned char image_dark_theme_images_logos_touchgfx[] LOCATION_ATTRIBUTE("ExtFlashSection") = { // 71x92 ARGB8888 pixels.
    0x00, 0x00, 0x00, 0x00, 0x70, 0x68, 0x68, 0x20, 0x70, 0x69, 0x63, 0xbf,
    0x70, 0x69, 0x63, 0xff, 0x70, 0x69, 0x63, 0xff, 0x70, 0x69, 0x63, 0xff,
    0x70, 0x69, 0x63, 0xff, 0x70, 0x69, 0x63, 0xff, 0x70, 0x69, 0x63, 0xff,
    0x70, 0x69, 0x63, 0xff, 0x70, 0x69, 0x63, 0xff, 0x70, 0x69, 0x63, 0xff,
    0x70, 0x69, 0x63, 0xff, 0x70, 0x69, 0x63, 0xff, 0x70, 0x69, 0x63, 0xff,
    0x70, 0x69, 0x63, 0xff, 0x70, 0x69, 0x63, 0xff, 0x70, 0x69, 0x63, 0xff,
    0x70, 0x69, 0x63, 0xff, 0x70, 0x69, 0x63, 0xbf, 0x71, 0x69, 0x63, 0x5f,
    0x00, 0x00, 0x00, 0x00, 0x00, 0x00, 0x00, 0x00, 0x00, 0x00, 0x00, 0x00,
    0x00, 0x00, 0x00, 0x00, 0x00, 0x00, 0x00, 0x00, 0x00, 0x00, 0x00, 0x00,
    0x00, 0x00, 0x00, 0x00, 0x00, 0x00, 0x00, 0x00, 0x00, 0x00, 0x00, 0x00,
    0x00, 0x00, 0x00, 0x00, 0x00, 0x00, 0x00, 0x00, 0x00, 0x00, 0x00, 0x00,
    0x00, 0x00, 0x00, 0x00, 0x00, 0x00, 0x00, 0x00, 0x00, 0x00, 0x00, 0x00,
    0x00, 0x00, 0x00, 0x00, 0x00, 0x00, 0x00, 0x00, 0x00, 0x00, 0x00, 0x00,
    0x00, 0x00, 0x00, 0x00, 0x00, 0x00, 0x00, 0x00, 0x00, 0x00, 0x00, 0x00,
    0x00, 0x00, 0x00, 0x00, 0x00, 0x00, 0x00, 0x00, 0x00, 0x00, 0x00, 0x00,
    0x00, 0x00, 0x00, 0x00, 0x00, 0x00, 0x00, 0x00, 0x00, 0x00, 0x00, 0x00,
    0x00, 0x00, 0x00, 0x00, 0x00, 0x00, 0x00, 0x00, 0xc7, 0x97, 0x32, 0x80,
    0xc8, 0x97, 0x32, 0xdf, 0xc8, 0x97, 0x32, 0xff, 0xc8, 0x97, 0x32, 0xff,
    0xc8, 0x97, 0x32, 0xff, 0xc8, 0x97, 0x32, 0xff, 0xc8, 0x97, 0x32, 0xff,
    0xc8, 0x97, 0x32, 0xff, 0xc8, 0x97, 0x32, 0xff, 0xc8, 0x97, 0x32, 0xff,
    0xc8, 0x97, 0x32, 0xff, 0xc8, 0x97, 0x32, 0xff, 0xc8, 0x97, 0x32, 0xff,
    0xc8, 0x97, 0x32, 0xff, 0xc8, 0x97, 0x32, 0xff, 0xc8, 0x97, 0x32, 0xff,
    0xc8, 0x97, 0x32, 0xff, 0xc8, 0x97, 0x32, 0xff, 0xc9, 0x97, 0x32, 0xcf,
    0xc7, 0x97, 0x30, 0x20, 0x00, 0x00, 0x00, 0x00, 0x00, 0x00, 0x00, 0x00,
    0x70, 0x69, 0x62, 0x8f, 0x70, 0x69, 0x63, 0xff, 0x70, 0x69, 0x63, 0xff,
    0x70, 0x69, 0x63, 0xff, 0x70, 0x69, 0x63, 0xff, 0x70, 0x69, 0x63, 0xff,
    0x70, 0x69, 0x63, 0xff, 0x70, 0x69, 0x63, 0xff, 0x70, 0x69, 0x63, 0xff,
    0x70, 0x69, 0x63, 0xff, 0x70, 0x69, 0x63, 0xff, 0x70, 0x69, 0x63, 0xff,
    0x70, 0x69, 0x63, 0xff, 0x70, 0x69, 0x63, 0xff, 0x70, 0x69, 0x63, 0xff,
    0x70, 0x69, 0x63, 0xff, 0x70, 0x69, 0x63, 0xff, 0x70, 0x69, 0x63, 0xff,
    0x70, 0x69, 0x63, 0xff, 0x70, 0x69, 0x63, 0xff, 0x71, 0x69, 0x63, 0x5f,
    0x00, 0x00, 0x00, 0x00, 0x00, 0x00, 0x00, 0x00, 0x00, 0x00, 0x00, 0x00,
    0x00, 0x00, 0x00, 0x00, 0x00, 0x00, 0x00, 0x00, 0x00, 0x00, 0x00, 0x00,
    0x00, 0x00, 0x00, 0x00, 0x00, 0x00, 0x00, 0x00, 0x00, 0x00, 0x00, 0x00,
    0x00, 0x00, 0x00, 0x00, 0x00, 0x00, 0x00, 0x00, 0x00, 0x00, 0x00, 0x00,
    0x00, 0x00, 0x00, 0x00, 0x00, 0x00, 0x00, 0x00, 0x00, 0x00, 0x00, 0x00,
    0x00, 0x00, 0x00, 0x00, 0x00, 0x00, 0x00, 0x00, 0x00, 0x00, 0x00, 0x00,
    0x00, 0x00, 0x00, 0x00, 0x00, 0x00, 0x00, 0x00, 0x00, 0x00, 0x00, 0x00,
    0x00, 0x00, 0x00, 0x00, 0x00, 0x00, 0x00, 0x00, 0x00, 0x00, 0x00, 0x00,
    0x00, 0x00, 0x00, 0x00, 0x00, 0x00, 0x00, 0x00, 0x00, 0x00, 0x00, 0x00,
    0xc8, 0x97, 0x32, 0x9f, 0xc8, 0x97, 0x32, 0xff, 0xc8, 0x97, 0x32, 0xff,
    0xc8, 0x97, 0x32, 0xff, 0xc8, 0x97, 0x32, 0xff, 0xc8, 0x97, 0x32, 0xff,
    0xc8, 0x97, 0x32, 0xff, 0xc8, 0x97, 0x32, 0xff, 0xc8, 0x97, 0x32, 0xff,
    0xc8, 0x97, 0x32, 0xff, 0xc8, 0x97, 0x32, 0xff, 0xc8, 0x97, 0x32, 0xff,
    0xc8, 0x97, 0x32, 0xff, 0xc8, 0x97, 0x32, 0xff, 0xc8, 0x97, 0x32, 0xff,
    0xc8, 0x97, 0x32, 0xff, 0xc8, 0x97, 0x32, 0xff, 0xc8, 0x97, 0x32, 0xff,
    0xc8, 0x97, 0x32, 0xff, 0xc8, 0x97, 0x32, 0xff, 0xc8, 0x96, 0x32, 0xcf,
    0x00, 0x00, 0x00, 0x00, 0x00, 0x00, 0x00, 0x00, 0x70, 0x69, 0x63, 0xaf,
    0x70, 0x69, 0x63, 0xff, 0x70, 0x69, 0x63, 0xff, 0x70, 0x69, 0x63, 0xff,
    0x70, 0x69, 0x63, 0xff, 0x70, 0x69, 0x63, 0xff, 0x70, 0x69, 0x63, 0xff,
    0x70, 0x69, 0x63, 0xff, 0x70, 0x69, 0x63, 0xff, 0x70, 0x69, 0x63, 0xff,
    0x70, 0x69, 0x63, 0xff, 0x70, 0x69, 0x63, 0xff, 0x70, 0x69, 0x63, 0xff,
    0x70, 0x69, 0x63, 0xff, 0x70, 0x69, 0x63, 0xff, 0x70, 0x69, 0x63, 0xff,
    0x70, 0x69, 0x63, 0xff, 0x70, 0x69, 0x63, 0xff, 0x70, 0x69, 0x63, 0xff,
    0x70, 0x69, 0x63, 0xff, 0x70, 0x69, 0x63, 0xdf, 0x00, 0x00, 0x00, 0x00,
    0x00, 0x00, 0x00, 0x00, 0x00, 0x00, 0x00, 0x00, 0x00, 0x00, 0x00, 0x00,
    0x00, 0x00, 0x00, 0x00, 0x00, 0x00, 0x00, 0x00, 0x00, 0x00, 0x00, 0x00,
    0x00, 0x00, 0x00, 0x00, 0x00, 0x00, 0x00, 0x00, 0x00, 0x00, 0x00, 0x00,
    0x00, 0x00, 0x00, 0x00, 0x00, 0x00, 0x00, 0x00, 0x00, 0x00, 0x00, 0x00,
    0x00, 0x00, 0x00, 0x00, 0x00, 0x00, 0x00, 0x00, 0x00, 0x00, 0x00, 0x00,
    0x00, 0x00, 0x00, 0x00, 0x00, 0x00, 0x00, 0x00, 0x00, 0x00, 0x00, 0x00,
    0x00, 0x00, 0x00, 0x00, 0x00, 0x00, 0x00, 0x00, 0x00, 0x00, 0x00, 0x00,
    0x00, 0x00, 0x00, 0x00, 0x00, 0x00, 0x00, 0x00, 0x00, 0x00, 0x00, 0x00,
    0x00, 0x00, 0x00, 0x00, 0xc7, 0x97, 0x34, 0x40, 0xc8, 0x97, 0x32, 0xff,
    0xc8, 0x97, 0x32, 0xff, 0xc8, 0x97, 0x32, 0xff, 0xc8, 0x97, 0x32, 0xff,
    0xc8, 0x97, 0x32, 0xff, 0xc8, 0x97, 0x32, 0xff, 0xc8, 0x97, 0x32, 0xff,
    0xc8, 0x97, 0x32, 0xff, 0xc8, 0x97, 0x32, 0xff, 0xc8, 0x97, 0x32, 0xff,
    0xc8, 0x97, 0x32, 0xff, 0xc8, 0x97, 0x32, 0xff, 0xc8, 0x97, 0x32, 0xff,
    0xc8, 0x97, 0x32, 0xff, 0xc8, 0x97, 0x32, 0xff, 0xc8, 0x97, 0x32, 0xff,
    0xc8, 0x97, 0x32, 0xff, 0xc8, 0x97, 0x32, 0xff, 0xc8, 0x97, 0x32, 0xff,
    0xc8, 0x97, 0x32, 0xff, 0xc7, 0x96, 0x32, 0xef, 0x00, 0x00, 0x00, 0x00,
    0x00, 0x00, 0x00, 0x00, 0x70, 0x68, 0x62, 0x60, 0x70, 0x69, 0x63, 0xff,
    0x70, 0x69, 0x63, 0xff, 0x70, 0x69, 0x63, 0xff, 0x70, 0x69, 0x63, 0xff,
    0x70, 0x69, 0x63, 0xff, 0x70, 0x69, 0x63, 0xff, 0x70, 0x69, 0x63, 0xff,
    0x70, 0x69, 0x63, 0xff, 0x70, 0x69, 0x63, 0xff, 0x70, 0x69, 0x63, 0xff,
    0x70, 0x69, 0x63, 0xff, 0x70, 0x69, 0x63, 0xff, 0x70, 0x69, 0x63, 0xff,
    0x70, 0x69, 0x63, 0xff, 0x70, 0x69, 0x63, 0xff, 0x70, 0x69, 0x63, 0xff,
    0x70, 0x69, 0x63, 0xff, 0x70, 0x69, 0x63, 0xff, 0x70, 0x69, 0x63, 0xff,
    0x70, 0x69, 0x63, 0xff, 0x71, 0x69, 0x63, 0x5f, 0x00, 0x00, 0x00, 0x00,
    0x00, 0x00, 0x00, 0x00, 0x00, 0x00, 0x00, 0x00, 0x00, 0x00, 0x00, 0x00,
    0x00, 0x00, 0x00, 0x00, 0x00, 0x00, 0x00, 0x00, 0x00, 0x00, 0x00, 0x00,
    0x00, 0x00, 0x00, 0x00, 0x00, 0x00, 0x00, 0x00, 0x00, 0x00, 0x00, 0x00,
    0x00, 0x00, 0x00, 0x00, 0x00, 0x00, 0x00, 0x00, 0x00, 0x00, 0x00, 0x00,
    0x00, 0x00, 0x00, 0x00, 0x00, 0x00, 0x00, 0x00, 0x00, 0x00, 0x00, 0x00,
    0x00, 0x00, 0x00, 0x00, 0x00, 0x00, 0x00, 0x00, 0x00, 0x00, 0x00, 0x00,
    0x00, 0x00, 0x00, 0x00, 0x00, 0x00, 0x00, 0x00, 0x00, 0x00, 0x00, 0x00,
    0x00, 0x00, 0x00, 0x00, 0x00, 0x00, 0x00, 0x00, 0x00, 0x00, 0x00, 0x00,
    0xc9, 0x97, 0x32, 0xcf, 0xc8, 0x97, 0x32, 0xff, 0xc8, 0x97, 0x32, 0xff,
    0xc8, 0x97, 0x32, 0xff, 0xc8, 0x97, 0x32, 0xff, 0xc8, 0x97, 0x32, 0xff,
    0xc8, 0x97, 0x32, 0xff, 0xc8, 0x97, 0x32, 0xff, 0xc8, 0x97, 0x32, 0xff,
    0xc8, 0x97, 0x32, 0xff, 0xc8, 0x97, 0x32, 0xff, 0xc8, 0x97, 0x32, 0xff,
    0xc8, 0x97, 0x32, 0xff, 0xc8, 0x97, 0x32, 0xff, 0xc8, 0x97, 0x32, 0xff,
    0xc8, 0x97, 0x32, 0xff, 0xc8, 0x97, 0x32, 0xff, 0xc8, 0x97, 0x32, 0xff,
    0xc8, 0x97, 0x32, 0xff, 0xc8, 0x97, 0x32, 0xff, 0xc8, 0x97, 0x32, 0xff,
    0xc8, 0x97, 0x32, 0x9f, 0x00, 0x00, 0x00, 0x00, 0x00, 0x00, 0x00, 0x00,
    0x00, 0x00, 0x00, 0x00, 0x70, 0x69, 0x62, 0xdf, 0x70, 0x69, 0x63, 0xff,
    0x70, 0x69, 0x63, 0xff, 0x70, 0x69, 0x63, 0xff, 0x70, 0x69, 0x63, 0xff,
    0x70, 0x69, 0x63, 0xff, 0x70, 0x69, 0x63, 0xff, 0x70, 0x69, 0x63, 0xff,
    0x70, 0x69, 0x63, 0xff, 0x70, 0x69, 0x63, 0xff, 0x70, 0x69, 0x63, 0xff,
    0x70, 0x69, 0x63, 0xff, 0x70, 0x69, 0x63, 0xff, 0x70, 0x69, 0x63, 0xff,
    0x70, 0x69, 0x63, 0xff, 0x70, 0x69, 0x63, 0xff, 0x70, 0x69, 0x63, 0xff,
    0x70, 0x69, 0x63, 0xff, 0x70, 0x69, 0x63, 0xff, 0x70, 0x69, 0x63, 0xff,
    0x70, 0x69, 0x63, 0xdf, 0x70, 0x70, 0x60, 0x10, 0x00, 0x00, 0x00, 0x00,
    0x00, 0x00, 0x00, 0x00, 0x00, 0x00, 0x00, 0x00, 0x00, 0x00, 0x00, 0x00,
    0x00, 0x00, 0x00, 0x00, 0x00, 0x00, 0x00, 0x00, 0x00, 0x00, 0x00, 0x00,
    0x00, 0x00, 0x00, 0x00, 0x00, 0x00, 0x00, 0x00, 0x00, 0x00, 0x00, 0x00,
    0x00, 0x00, 0x00, 0x00, 0x00, 0x00, 0x00, 0x00, 0x00, 0x00, 0x00, 0x00,
    0x00, 0x00, 0x00, 0x00, 0x00, 0x00, 0x00, 0x00, 0x00, 0x00, 0x00, 0x00,
    0x00, 0x00, 0x00, 0x00, 0x00, 0x00, 0x00, 0x00, 0x00, 0x00, 0x00, 0x00,
    0x00, 0x00, 0x00, 0x00, 0x00, 0x00, 0x00, 0x00, 0x00, 0x00, 0x00, 0x00,
    0x00, 0x00, 0x00, 0x00, 0xc7, 0x97, 0x32, 0x60, 0xc8, 0x97, 0x32, 0xff,
    0xc8, 0x97, 0x32, 0xff, 0xc8, 0x97, 0x32, 0xff, 0xc8, 0x97, 0x32, 0xff,
    0xc8, 0x97, 0x32, 0xff, 0xc8, 0x97, 0x32, 0xff, 0xc8, 0x97, 0x32, 0xff,
    0xc8, 0x97, 0x32, 0xff, 0xc8, 0x97, 0x32, 0xff, 0xc8, 0x97, 0x32, 0xff,
    0xc8, 0x97, 0x32, 0xff, 0xc8, 0x97, 0x32, 0xff, 0xc8, 0x97, 0x32, 0xff,
    0xc8, 0x97, 0x32, 0xff, 0xc8, 0x97, 0x32, 0xff, 0xc8, 0x97, 0x32, 0xff,
    0xc8, 0x97, 0x32, 0xff, 0xc8, 0x97, 0x32, 0xff, 0xc8, 0x97, 0x32, 0xff,
    0xc8, 0x97, 0x32, 0xff, 0xc7, 0x96, 0x31, 0xef, 0xc7, 0x97, 0x30, 0x20,
    0x00, 0x00, 0x00, 0x00, 0x00, 0x00, 0x00, 0x00, 0x00, 0x00, 0x00, 0x00,
    0x70, 0x68, 0x62, 0x60, 0x70, 0x69, 0x63, 0xff, 0x70, 0x69, 0x63, 0xff,
    0x70, 0x69, 0x63, 0xff, 0x70, 0x69, 0x63, 0xff, 0x70, 0x69, 0x63, 0xff,
    0x70, 0x69, 0x63, 0xff, 0x70, 0x69, 0x63, 0xff, 0x70, 0x69, 0x63, 0xff,
    0x70, 0x69, 0x63, 0xff, 0x70, 0x69, 0x63, 0xff, 0x70, 0x69, 0x63, 0xff,
    0x70, 0x69, 0x63, 0xff, 0x70, 0x69, 0x63, 0xff, 0x70, 0x69, 0x63, 0xff,
    0x70, 0x69, 0x63, 0xff, 0x70, 0x69, 0x63, 0xff, 0x70, 0x69, 0x63, 0xff,
    0x70, 0x69, 0x63, 0xff, 0x70, 0x69, 0x63, 0xff, 0x70, 0x69, 0x63, 0xff,
    0x70, 0x68, 0x62, 0x7f, 0x00, 0x00, 0x00, 0x00, 0x00, 0x00, 0x00, 0x00,
    0x00, 0x00, 0x00, 0x00, 0x00, 0x00, 0x00, 0x00, 0x00, 0x00, 0x00, 0x00,
    0x00, 0x00, 0x00, 0x00, 0x00, 0x00, 0x00, 0x00, 0x00, 0x00, 0x00, 0x00,
    0x00, 0x00, 0x00, 0x00, 0x00, 0x00, 0x00, 0x00, 0x00, 0x00, 0x00, 0x00,
    0x00, 0x00, 0x00, 0x00, 0x00, 0x00, 0x00, 0x00, 0x00, 0x00, 0x00, 0x00,
    0x00, 0x00, 0x00, 0x00, 0x00, 0x00, 0x00, 0x00, 0x00, 0x00, 0x00, 0x00,
    0x00, 0x00, 0x00, 0x00, 0x00, 0x00, 0x00, 0x00, 0x00, 0x00, 0x00, 0x00,
    0x00, 0x00, 0x00, 0x00, 0x00, 0x00, 0x00, 0x00, 0x00, 0x00, 0x00, 0x00,
    0xc8, 0x97, 0x32, 0xdf, 0xc8, 0x97, 0x32, 0xff, 0xc8, 0x97, 0x32, 0xff,
    0xc8, 0x97, 0x32, 0xff, 0xc8, 0x97, 0x32, 0xff, 0xc8, 0x97, 0x32, 0xff,
    0xc8, 0x97, 0x32, 0xff, 0xc8, 0x97, 0x32, 0xff, 0xc8, 0x97, 0x32, 0xff,
    0xc8, 0x97, 0x32, 0xff, 0xc8, 0x97, 0x32, 0xff, 0xc8, 0x97, 0x32, 0xff,
    0xc8, 0x97, 0x32, 0xff, 0xc8, 0x97, 0x32, 0xff, 0xc8, 0x97, 0x32, 0xff,
    0xc8, 0x97, 0x32, 0xff, 0xc8, 0x97, 0x32, 0xff, 0xc8, 0x97, 0x32, 0xff,
    0xc8, 0x97, 0x32, 0xff, 0xc8, 0x97, 0x32, 0xff, 0xc8, 0x97, 0x32, 0xff,
    0xc9, 0x97, 0x30, 0x7f, 0x00, 0x00, 0x00, 0x00, 0x00, 0x00, 0x00, 0x00,
    0x00, 0x00, 0x00, 0x00, 0x00, 0x00, 0x00, 0x00, 0x00, 0x00, 0x00, 0x00,
    0x70, 0x69, 0x63, 0xbf, 0x70, 0x69, 0x63, 0xff, 0x70, 0x69, 0x63, 0xff,
    0x70, 0x69, 0x63, 0xff, 0x70, 0x69, 0x63, 0xff, 0x70, 0x69, 0x63, 0xff,
    0x70, 0x69, 0x63, 0xff, 0x70, 0x69, 0x63, 0xff, 0x70, 0x69, 0x63, 0xff,
    0x70, 0x69, 0x63, 0xff, 0x70, 0x69, 0x63, 0xff, 0x70, 0x69, 0x63, 0xff,
    0x70, 0x69, 0x63, 0xff, 0x70, 0x69, 0x63, 0xff, 0x70, 0x69, 0x63, 0xff,
    0x70, 0x69, 0x63, 0xff, 0x70, 0x69, 0x63, 0xff, 0x70, 0x69, 0x63, 0xff,
    0x70, 0x69, 0x63, 0xff, 0x70, 0x69, 0x63, 0xff, 0x70, 0x69, 0x63, 0xef,
    0x70, 0x70, 0x60, 0x10, 0x00, 0x00, 0x00, 0x00, 0x00, 0x00, 0x00, 0x00,
    0x00, 0x00, 0x00, 0x00, 0x00, 0x00, 0x00, 0x00, 0x00, 0x00, 0x00, 0x00,
    0x00, 0x00, 0x00, 0x00, 0x00, 0x00, 0x00, 0x00, 0x00, 0x00, 0x00, 0x00,
    0x00, 0x00, 0x00, 0x00, 0x00, 0x00, 0x00, 0x00, 0x00, 0x00, 0x00, 0x00,
    0x00, 0x00, 0x00, 0x00, 0x00, 0x00, 0x00, 0x00, 0x00, 0x00, 0x00, 0x00,
    0x00, 0x00, 0x00, 0x00, 0x00, 0x00, 0x00, 0x00, 0x00, 0x00, 0x00, 0x00,
    0x00, 0x00, 0x00, 0x00, 0x00, 0x00, 0x00, 0x00, 0x00, 0x00, 0x00, 0x00,
    0x00, 0x00, 0x00, 0x00, 0xc7, 0x97, 0x32, 0x60, 0xc8, 0x97, 0x32, 0xff,
    0xc8, 0x97, 0x32, 0xff, 0xc8, 0x97, 0x32, 0xff, 0xc8, 0x97, 0x32, 0xff,
    0xc8, 0x97, 0x32, 0xff, 0xc8, 0x97, 0x32, 0xff, 0xc8, 0x97, 0x32, 0xff,
    0xc8, 0x97, 0x32, 0xff, 0xc8, 0x97, 0x32, 0xff, 0xc8, 0x97, 0x32, 0xff,
    0xc8, 0x97, 0x32, 0xff, 0xc8, 0x97, 0x32, 0xff, 0xc8, 0x97, 0x32, 0xff,
    0xc8, 0x97, 0x32, 0xff, 0xc8, 0x97, 0x32, 0xff, 0xc8, 0x97, 0x32, 0xff,
    0xc8, 0x97, 0x32, 0xff, 0xc8, 0x97, 0x32, 0xff, 0xc8, 0x97, 0x32, 0xff,
    0xc8, 0x97, 0x32, 0xff, 0xc8, 0x97, 0x31, 0xdf, 0xc7, 0x97, 0x30, 0x20,
    0x00, 0x00, 0x00, 0x00, 0x00, 0x00, 0x00, 0x00, 0x00, 0x00, 0x00, 0x00,
    0x00, 0x00, 0x00, 0x00, 0x00, 0x00, 0x00, 0x00, 0x70, 0x68, 0x64, 0x40,
    0x70, 0x69, 0x63, 0xff, 0x70, 0x69, 0x63, 0xff, 0x70, 0x69, 0x63, 0xff,
    0x70, 0x69, 0x63, 0xff, 0x70, 0x69, 0x63, 0xff, 0x70, 0x69, 0x63, 0xff,
    0x70, 0x69, 0x63, 0xff, 0x70, 0x69, 0x63, 0xff, 0x70, 0x69, 0x63, 0xff,
    0x70, 0x69, 0x63, 0xff, 0x70, 0x69, 0x63, 0xff, 0x70, 0x69, 0x63, 0xff,
    0x70, 0x69, 0x63, 0xff, 0x70, 0x69, 0x63, 0xff, 0x70, 0x69, 0x63, 0xff,
    0x70, 0x69, 0x63, 0xff, 0x70, 0x69, 0x63, 0xff, 0x70, 0x69, 0x63, 0xff,
    0x70, 0x69, 0x63, 0xff, 0x70, 0x69, 0x63, 0xff, 0x70, 0x68, 0x62, 0x7f,
    0x00, 0x00, 0x00, 0x00, 0x00, 0x00, 0x00, 0x00, 0x00, 0x00, 0x00, 0x00,
    0x00, 0x00, 0x00, 0x00, 0x00, 0x00, 0x00, 0x00, 0x00, 0x00, 0x00, 0x00,
    0x00, 0x00, 0x00, 0x00, 0x00, 0x00, 0x00, 0x00, 0x00, 0x00, 0x00, 0x00,
    0x00, 0x00, 0x00, 0x00, 0x00, 0x00, 0x00, 0x00, 0x00, 0x00, 0x00, 0x00,
    0x00, 0x00, 0x00, 0x00, 0x00, 0x00, 0x00, 0x00, 0x00, 0x00, 0x00, 0x00,
    0x00, 0x00, 0x00, 0x00, 0x00, 0x00, 0x00, 0x00, 0x00, 0x00, 0x00, 0x00,
    0x00, 0x00, 0x00, 0x00, 0x00, 0x00, 0x00, 0x00, 0x00, 0x00, 0x00, 0x00,
    0xc8, 0x97, 0x32, 0xdf, 0xc8, 0x97, 0x32, 0xff, 0xc8, 0x97, 0x32, 0xff,
    0xc8, 0x97, 0x32, 0xff, 0xc8, 0x97, 0x32, 0xff, 0xc8, 0x97, 0x32, 0xff,
    0xc8, 0x97, 0x32, 0xff, 0xc8, 0x97, 0x32, 0xff, 0xc8, 0x97, 0x32, 0xff,
    0xc8, 0x97, 0x32, 0xff, 0xc8, 0x97, 0x32, 0xff, 0xc8, 0x97, 0x32, 0xff,
    0xc8, 0x97, 0x32, 0xff, 0xc8, 0x97, 0x32, 0xff, 0xc8, 0x97, 0x32, 0xff,
    0xc8, 0x97, 0x32, 0xff, 0xc8, 0x97, 0x32, 0xff, 0xc8, 0x97, 0x32, 0xff,
    0xc8, 0x97, 0x32, 0xff, 0xc8, 0x97, 0x32, 0xff, 0xc8, 0x97, 0x32, 0xff,
    0xc9, 0x96, 0x30, 0x5f, 0x00, 0x00, 0x00, 0x00, 0x00, 0x00, 0x00, 0x00,
    0x00, 0x00, 0x00, 0x00, 0x00, 0x00, 0x00, 0x00, 0x00, 0x00, 0x00, 0x00,
    0x00, 0x00, 0x00, 0x00, 0x00, 0x00, 0x00, 0x00, 0x70, 0x69, 0x63, 0xbf,
    0x70, 0x69, 0x63, 0xff, 0x70, 0x69, 0x63, 0xff, 0x70, 0x69, 0x63, 0xff,
    0x70, 0x69, 0x63, 0xff, 0x70, 0x69, 0x63, 0xff, 0x70, 0x69, 0x63, 0xff,
    0x70, 0x69, 0x63, 0xff, 0x70, 0x69, 0x63, 0xff, 0x70, 0x69, 0x63, 0xff,
    0x70, 0x69, 0x63, 0xff, 0x70, 0x69, 0x63, 0xff, 0x70, 0x69, 0x63, 0xff,
    0x70, 0x69, 0x63, 0xff, 0x70, 0x69, 0x63, 0xff, 0x70, 0x69, 0x63, 0xff,
    0x70, 0x69, 0x63, 0xff, 0x70, 0x69, 0x63, 0xff, 0x70, 0x69, 0x63, 0xff,
    0x70, 0x69, 0x63, 0xff, 0x70, 0x69, 0x63, 0xef, 0x70, 0x70, 0x60, 0x10,
    0x00, 0x00, 0x00, 0x00, 0x00, 0x00, 0x00, 0x00, 0x00, 0x00, 0x00, 0x00,
    0x00, 0x00, 0x00, 0x00, 0x00, 0x00, 0x00, 0x00, 0x00, 0x00, 0x00, 0x00,
    0x00, 0x00, 0x00, 0x00, 0x00, 0x00, 0x00, 0x00, 0x00, 0x00, 0x00, 0x00,
    0x00, 0x00, 0x00, 0x00, 0x00, 0x00, 0x00, 0x00, 0x00, 0x00, 0x00, 0x00,
    0x00, 0x00, 0x00, 0x00, 0x00, 0x00, 0x00, 0x00, 0x00, 0x00, 0x00, 0x00,
    0x00, 0x00, 0x00, 0x00, 0x00, 0x00, 0x00, 0x00, 0x00, 0x00, 0x00, 0x00,
    0x00, 0x00, 0x00, 0x00, 0xc6, 0x96, 0x32, 0x70, 0xc8, 0x97, 0x32, 0xff,
    0xc8, 0x97, 0x32, 0xff, 0xc8, 0x97, 0x32, 0xff, 0xc8, 0x97, 0x32, 0xff,
    0xc8, 0x97, 0x32, 0xff, 0xc8, 0x97, 0x32, 0xff, 0xc8, 0x97, 0x32, 0xff,
    0xc8, 0x97, 0x32, 0xff, 0xc8, 0x97, 0x32, 0xff, 0xc8, 0x97, 0x32, 0xff,
    0xc8, 0x97, 0x32, 0xff, 0xc8, 0x97, 0x32, 0xff, 0xc8, 0x97, 0x32, 0xff,
    0xc8, 0x97, 0x32, 0xff, 0xc8, 0x97, 0x32, 0xff, 0xc8, 0x97, 0x32, 0xff,
    0xc8, 0x97, 0x32, 0xff, 0xc8, 0x97, 0x32, 0xff, 0xc8, 0x97, 0x32, 0xff,
    0xc8, 0x97, 0x32, 0xff, 0xc8, 0x97, 0x31, 0xdf, 0x00, 0x00, 0x00, 0x00,
    0x00, 0x00, 0x00, 0x00, 0x00, 0x00, 0x00, 0x00, 0x00, 0x00, 0x00, 0x00,
    0x00, 0x00, 0x00, 0x00, 0x00, 0x00, 0x00, 0x00, 0x00, 0x00, 0x00, 0x00,
    0x00, 0x00, 0x00, 0x00, 0x70, 0x68, 0x64, 0x40, 0x70, 0x69, 0x63, 0xff,
    0x70, 0x69, 0x63, 0xff, 0x70, 0x69, 0x63, 0xff, 0x70, 0x69, 0x63, 0xff,
    0x70, 0x69, 0x63, 0xff, 0x70, 0x69, 0x63, 0xff, 0x70, 0x69, 0x63, 0xff,
    0x70, 0x69, 0x63, 0xff, 0x70, 0x69, 0x63, 0xff, 0x70, 0x69, 0x63, 0xff,
    0x70, 0x69, 0x63, 0xff, 0x70, 0x69, 0x63, 0xff, 0x70, 0x69, 0x63, 0xff,
    0x70, 0x69, 0x63, 0xff, 0x70, 0x69, 0x63, 0xff, 0x70, 0x69, 0x63, 0xff,
    0x70, 0x69, 0x63, 0xff, 0x70, 0x69, 0x63, 0xff, 0x70, 0x69, 0x63, 0xff,
    0x70, 0x69, 0x63, 0xff, 0x70, 0x68, 0x62, 0x7f, 0x00, 0x00, 0x00, 0x00,
    0x00, 0x00, 0x00, 0x00, 0x00, 0x00, 0x00, 0x00, 0x00, 0x00, 0x00, 0x00,
    0x00, 0x00, 0x00, 0x00, 0x00, 0x00, 0x00, 0x00, 0x00, 0x00, 0x00, 0x00,
    0x00, 0x00, 0x00, 0x00, 0x00, 0x00, 0x00, 0x00, 0x00, 0x00, 0x00, 0x00,
    0x00, 0x00, 0x00, 0x00, 0x00, 0x00, 0x00, 0x00, 0x00, 0x00, 0x00, 0x00,
    0x00, 0x00, 0x00, 0x00, 0x00, 0x00, 0x00, 0x00, 0x00, 0x00, 0x00, 0x00,
    0x00, 0x00, 0x00, 0x00, 0x00, 0x00, 0x00, 0x00, 0xc7, 0x97, 0x30, 0x20,
    0xc8, 0x97, 0x32, 0xdf, 0xc8, 0x97, 0x32, 0xff, 0xc8, 0x97, 0x32, 0xff,
    0xc8, 0x97, 0x32, 0xff, 0xc8, 0x97, 0x32, 0xff, 0xc8, 0x97, 0x32, 0xff,
    0xc8, 0x97, 0x32, 0xff, 0xc8, 0x97, 0x32, 0xff, 0xc8, 0x97, 0x32, 0xff,
    0xc8, 0x97, 0x32, 0xff, 0xc8, 0x97, 0x32, 0xff, 0xc8, 0x97, 0x32, 0xff,
    0xc8, 0x97, 0x32, 0xff, 0xc8, 0x97, 0x32, 0xff, 0xc8, 0x97, 0x32, 0xff,
    0xc8, 0x97, 0x32, 0xff, 0xc8, 0x97, 0x32, 0xff, 0xc8, 0x97, 0x32, 0xff,
    0xc8, 0x97, 0x32, 0xff, 0xc8, 0x97, 0x32, 0xff, 0xc8, 0x97, 0x32, 0xff,
    0xc9, 0x96, 0x30, 0x5f, 0x00, 0x00, 0x00, 0x00, 0x00, 0x00, 0x00, 0x00,
    0x00, 0x00, 0x00, 0x00, 0x00, 0x00, 0x00, 0x00, 0x00, 0x00, 0x00, 0x00,
    0x00, 0x00, 0x00, 0x00, 0x00, 0x00, 0x00, 0x00, 0x00, 0x00, 0x00, 0x00,
    0x00, 0x00, 0x00, 0x00, 0x70, 0x69, 0x63, 0xbf, 0x70, 0x69, 0x63, 0xff,
    0x70, 0x69, 0x63, 0xff, 0x70, 0x69, 0x63, 0xff, 0x70, 0x69, 0x63, 0xff,
    0x70, 0x69, 0x63, 0xff, 0x70, 0x69, 0x63, 0xff, 0x70, 0x69, 0x63, 0xff,
    0x70, 0x69, 0x63, 0xff, 0x70, 0x69, 0x63, 0xff, 0x70, 0x69, 0x63, 0xff,
    0x70, 0x69, 0x63, 0xff, 0x70, 0x69, 0x63, 0xff, 0x70, 0x69, 0x63, 0xff,
    0x70, 0x69, 0x63, 0xff, 0x70, 0x69, 0x63, 0xff, 0x70, 0x69, 0x63, 0xff,
    0x70, 0x69, 0x63, 0xff, 0x70, 0x69, 0x63, 0xff, 0x70, 0x69, 0x63, 0xff,
    0x70, 0x69, 0x63, 0xef, 0x70, 0x70, 0x60, 0x10, 0x00, 0x00, 0x00, 0x00,
    0x00, 0x00, 0x00, 0x00, 0x00, 0x00, 0x00, 0x00, 0x00, 0x00, 0x00, 0x00,
    0x00, 0x00, 0x00, 0x00, 0x00, 0x00, 0x00, 0x00, 0x00, 0x00, 0x00, 0x00,
    0x00, 0x00, 0x00, 0x00, 0x00, 0x00, 0x00, 0x00, 0x00, 0x00, 0x00, 0x00,
    0x00, 0x00, 0x00, 0x00, 0x00, 0x00, 0x00, 0x00, 0x00, 0x00, 0x00, 0x00,
    0x00, 0x00, 0x00, 0x00, 0x00, 0x00, 0x00, 0x00, 0x00, 0x00, 0x00, 0x00,
    0x00, 0x00, 0x00, 0x00, 0xc7, 0x97, 0x32, 0x80, 0xc8, 0x97, 0x32, 0xff,
    0xc8, 0x97, 0x32, 0xff, 0xc8, 0x97, 0x32, 0xff, 0xc8, 0x97, 0x32, 0xff,
    0xc8, 0x97, 0x32, 0xff, 0xc8, 0x97, 0x32, 0xff, 0xc8, 0x97, 0x32, 0xff,
    0xc8, 0x97, 0x32, 0xff, 0xc8, 0x97, 0x32, 0xff, 0xc8, 0x97, 0x32, 0xff,
    0xc8, 0x97, 0x32, 0xff, 0xc8, 0x97, 0x32, 0xff, 0xc8, 0x97, 0x32, 0xff,
    0xc8, 0x97, 0x32, 0xff, 0xc8, 0x97, 0x32, 0xff, 0xc8, 0x97, 0x32, 0xff,
    0xc8, 0x97, 0x32, 0xff, 0xc8, 0x97, 0x32, 0xff, 0xc8, 0x97, 0x32, 0xff,
    0xc8, 0x97, 0x32, 0xff, 0xc8, 0x97, 0x31, 0xdf, 0x00, 0x00, 0x00, 0x00,
    0x00, 0x00, 0x00, 0x00, 0x00, 0x00, 0x00, 0x00, 0x00, 0x00, 0x00, 0x00,
    0x00, 0x00, 0x00, 0x00, 0x00, 0x00, 0x00, 0x00, 0x00, 0x00, 0x00, 0x00,
    0x00, 0x00, 0x00, 0x00, 0x00, 0x00, 0x00, 0x00, 0x00, 0x00, 0x00, 0x00,
    0x70, 0x68, 0x64, 0x40, 0x70, 0x69, 0x63, 0xff, 0x70, 0x69, 0x63, 0xff,
    0x70, 0x69, 0x63, 0xff, 0x70, 0x69, 0x63, 0xff, 0x70, 0x69, 0x63, 0xff,
    0x70, 0x69, 0x63, 0xff, 0x70, 0x69, 0x63, 0xff, 0x70, 0x69, 0x63, 0xff,
    0x70, 0x69, 0x63, 0xff, 0x70, 0x69, 0x63, 0xff, 0x70, 0x69, 0x63, 0xff,
    0x70, 0x69, 0x63, 0xff, 0x70, 0x69, 0x63, 0xff, 0x70, 0x69, 0x63, 0xff,
    0x70, 0x69, 0x63, 0xff, 0x70, 0x69, 0x63, 0xff, 0x70, 0x69, 0x63, 0xff,
    0x70, 0x69, 0x63, 0xff, 0x70, 0x69, 0x63, 0xff, 0x70, 0x69, 0x63, 0xff,
    0x70, 0x68, 0x62, 0x7f, 0x00, 0x00, 0x00, 0x00, 0x00, 0x00, 0x00, 0x00,
    0x00, 0x00, 0x00, 0x00, 0x00, 0x00, 0x00, 0x00, 0x00, 0x00, 0x00, 0x00,
    0x00, 0x00, 0x00, 0x00, 0x00, 0x00, 0x00, 0x00, 0x00, 0x00, 0x00, 0x00,
    0x00, 0x00, 0x00, 0x00, 0x00, 0x00, 0x00, 0x00, 0x00, 0x00, 0x00, 0x00,
    0x00, 0x00, 0x00, 0x00, 0x00, 0x00, 0x00, 0x00, 0x00, 0x00, 0x00, 0x00,
    0x00, 0x00, 0x00, 0x00, 0x00, 0x00, 0x00, 0x00, 0xc7, 0x97, 0x30, 0x20,
    0xc8, 0x97, 0x32, 0xff, 0xc8, 0x97, 0x32, 0xff, 0xc8, 0x97, 0x32, 0xff,
    0xc8, 0x97, 0x32, 0xff, 0xc8, 0x97, 0x32, 0xff, 0xc8, 0x97, 0x32, 0xff,
    0xc8, 0x97, 0x32, 0xff, 0xc8, 0x97, 0x32, 0xff, 0xc8, 0x97, 0x32, 0xff,
    0xc8, 0x97, 0x32, 0xff, 0xc8, 0x97, 0x32, 0xff, 0xc8, 0x97, 0x32, 0xff,
    0xc8, 0x97, 0x32, 0xff, 0xc8, 0x97, 0x32, 0xff, 0xc8, 0x97, 0x32, 0xff,
    0xc8, 0x97, 0x32, 0xff, 0xc8, 0x97, 0x32, 0xff, 0xc8, 0x97, 0x32, 0xff,
    0xc8, 0x97, 0x32, 0xff, 0xc8, 0x97, 0x32, 0xff, 0xc8, 0x97, 0x32, 0xff,
    0xc9, 0x96, 0x30, 0x5f, 0x00, 0x00, 0x00, 0x00, 0x00, 0x00, 0x00, 0x00,
    0x00, 0x00, 0x00, 0x00, 0x00, 0x00, 0x00, 0x00, 0x00, 0x00, 0x00, 0x00,
    0x00, 0x00, 0x00, 0x00, 0x00, 0x00, 0x00, 0x00, 0x00, 0x00, 0x00, 0x00,
    0x00, 0x00, 0x00, 0x00, 0x00, 0x00, 0x00, 0x00, 0x00, 0x00, 0x00, 0x00,
    0x70, 0x69, 0x63, 0xbf, 0x70, 0x69, 0x63, 0xff, 0x70, 0x69, 0x63, 0xff,
    0x70, 0x69, 0x63, 0xff, 0x70, 0x69, 0x63, 0xff, 0x70, 0x69, 0x63, 0xff,
    0x70, 0x69, 0x63, 0xff, 0x70, 0x69, 0x63, 0xff, 0x70, 0x69, 0x63, 0xff,
    0x70, 0x69, 0x63, 0xff, 0x70, 0x69, 0x63, 0xff, 0x70, 0x69, 0x63, 0xff,
    0x70, 0x69, 0x63, 0xff, 0x70, 0x69, 0x63, 0xff, 0x70, 0x69, 0x63, 0xff,
    0x70, 0x69, 0x63, 0xff, 0x70, 0x69, 0x63, 0xff, 0x70, 0x69, 0x63, 0xff,
    0x70, 0x69, 0x63, 0xff, 0x70, 0x69, 0x63, 0xff, 0x70, 0x69, 0x63, 0xef,
    0x70, 0x70, 0x60, 0x10, 0x00, 0x00, 0x00, 0x00, 0x00, 0x00, 0x00, 0x00,
    0x00, 0x00, 0x00, 0x00, 0x00, 0x00, 0x00, 0x00, 0x00, 0x00, 0x00, 0x00,
    0x00, 0x00, 0x00, 0x00, 0x00, 0x00, 0x00, 0x00, 0x00, 0x00, 0x00, 0x00,
    0x00, 0x00, 0x00, 0x00, 0x00, 0x00, 0x00, 0x00, 0x00, 0x00, 0x00, 0x00,
    0x00, 0x00, 0x00, 0x00, 0x00, 0x00, 0x00, 0x00, 0x00, 0x00, 0x00, 0x00,
    0x00, 0x00, 0x00, 0x00, 0xc8, 0x97, 0x32, 0x9f, 0xc8, 0x97, 0x32, 0xff,
    0xc8, 0x97, 0x32, 0xff, 0xc8, 0x97, 0x32, 0xff, 0xc8, 0x97, 0x32, 0xff,
    0xc8, 0x97, 0x32, 0xff, 0xc8, 0x97, 0x32, 0xff, 0xc8, 0x97, 0x32, 0xff,
    0xc8, 0x97, 0x32, 0xff, 0xc8, 0x97, 0x32, 0xff, 0xc8, 0x97, 0x32, 0xff,
    0xc8, 0x97, 0x32, 0xff, 0xc8, 0x97, 0x32, 0xff, 0xc8, 0x97, 0x32, 0xff,
    0xc8, 0x97, 0x32, 0xff, 0xc8, 0x97, 0x32, 0xff, 0xc8, 0x97, 0x32, 0xff,
    0xc8, 0x97, 0x32, 0xff, 0xc8, 0x97, 0x32, 0xff, 0xc8, 0x97, 0x32, 0xff,
    0xc8, 0x97, 0x32, 0xff, 0xc8, 0x97, 0x31, 0xbf, 0x00, 0x00, 0x00, 0x00,
    0x00, 0x00, 0x00, 0x00, 0x00, 0x00, 0x00, 0x00, 0x00, 0x00, 0x00, 0x00,
    0x00, 0x00, 0x00, 0x00, 0x00, 0x00, 0x00, 0x00, 0x00, 0x00, 0x00, 0x00,
    0x00, 0x00, 0x00, 0x00, 0x00, 0x00, 0x00, 0x00, 0x00, 0x00, 0x00, 0x00,
    0x00, 0x00, 0x00, 0x00, 0x00, 0x00, 0x00, 0x00, 0x70, 0x68, 0x64, 0x40,
    0x70, 0x69, 0x63, 0xff, 0x70, 0x69, 0x63, 0xff, 0x70, 0x69, 0x63, 0xff,
    0x70, 0x69, 0x63, 0xff, 0x70, 0x69, 0x63, 0xff, 0x70, 0x69, 0x63, 0xff,
    0x70, 0x69, 0x63, 0xff, 0x70, 0x69, 0x63, 0xff, 0x70, 0x69, 0x63, 0xff,
    0x70, 0x69, 0x63, 0xff, 0x70, 0x69, 0x63, 0xff, 0x70, 0x69, 0x63, 0xff,
    0x70, 0x69, 0x63, 0xff, 0x70, 0x69, 0x63, 0xff, 0x70, 0x69, 0x63, 0xff,
    0x70, 0x69, 0x63, 0xff, 0x70, 0x69, 0x63, 0xff, 0x70, 0x69, 0x63, 0xff,
    0x70, 0x69, 0x63, 0xff, 0x70, 0x69, 0x63, 0xff, 0x70, 0x68, 0x62, 0x7f,
    0x00, 0x00, 0x00, 0x00, 0x00, 0x00, 0x00, 0x00, 0x00, 0x00, 0x00, 0x00,
    0x00, 0x00, 0x00, 0x00, 0x00, 0x00, 0x00, 0x00, 0x00, 0x00, 0x00, 0x00,
    0x00, 0x00, 0x00, 0x00, 0x00, 0x00, 0x00, 0x00, 0x00, 0x00, 0x00, 0x00,
    0x00, 0x00, 0x00, 0x00, 0x00, 0x00, 0x00, 0x00, 0x00, 0x00, 0x00, 0x00,
    0x00, 0x00, 0x00, 0x00, 0x00, 0x00, 0x00, 0x00, 0xc7, 0x97, 0x30, 0x20,
    0xc8, 0x97, 0x32, 0xff, 0xc8, 0x97, 0x32, 0xff, 0xc8, 0x97, 0x32, 0xff,
    0xc8, 0x97, 0x32, 0xff, 0xc8, 0x97, 0x32, 0xff, 0xc8, 0x97, 0x32, 0xff,
    0xc8, 0x97, 0x32, 0xff, 0xc8, 0x97, 0x32, 0xff, 0xc8, 0x97, 0x32, 0xff,
    0xc8, 0x97, 0x32, 0xff, 0xc8, 0x97, 0x32, 0xff, 0xc8, 0x97, 0x32, 0xff,
    0xc8, 0x97, 0x32, 0xff, 0xc8, 0x97, 0x32, 0xff, 0xc8, 0x97, 0x32, 0xff,
    0xc8, 0x97, 0x32, 0xff, 0xc8, 0x97, 0x32, 0xff, 0xc8, 0x97, 0x32, 0xff,
    0xc8, 0x97, 0x32, 0xff, 0xc8, 0x97, 0x32, 0xff, 0xc8, 0x97, 0x32, 0xff,
    0xc7, 0x97, 0x30, 0x20, 0x00, 0x00, 0x00, 0x00, 0x00, 0x00, 0x00, 0x00,
    0x00, 0x00, 0x00, 0x00, 0x00, 0x00, 0x00, 0x00, 0x00, 0x00, 0x00, 0x00,
    0x00, 0x00, 0x00, 0x00, 0x00, 0x00, 0x00, 0x00, 0x00, 0x00, 0x00, 0x00,
    0x00, 0x00, 0x00, 0x00, 0x00, 0x00, 0x00, 0x00, 0x00, 0x00, 0x00, 0x00,
    0x00, 0x00, 0x00, 0x00, 0x00, 0x00, 0x00, 0x00, 0x70, 0x69, 0x63, 0xbf,
    0x70, 0x69, 0x63, 0xff, 0x70, 0x69, 0x63, 0xff, 0x70, 0x69, 0x63, 0xff,
    0x70, 0x69, 0x63, 0xff, 0x70, 0x69, 0x63, 0xff, 0x70, 0x69, 0x63, 0xff,
    0x70, 0x69, 0x63, 0xff, 0x70, 0x69, 0x63, 0xff, 0x70, 0x69, 0x63, 0xff,
    0x70, 0x69, 0x63, 0xff, 0x70, 0x69, 0x63, 0xff, 0x70, 0x69, 0x63, 0xff,
    0x70, 0x69, 0x63, 0xff, 0x70, 0x69, 0x63, 0xff, 0x70, 0x69, 0x63, 0xff,
    0x70, 0x69, 0x63, 0xff, 0x70, 0x69, 0x63, 0xff, 0x70, 0x69, 0x63, 0xff,
    0x70, 0x69, 0x63, 0xff, 0x70, 0x69, 0x63, 0xef, 0x70, 0x70, 0x60, 0x10,
    0x00, 0x00, 0x00, 0x00, 0x00, 0x00, 0x00, 0x00, 0x00, 0x00, 0x00, 0x00,
    0x00, 0x00, 0x00, 0x00, 0x00, 0x00, 0x00, 0x00, 0x00, 0x00, 0x00, 0x00,
    0x00, 0x00, 0x00, 0x00, 0x00, 0x00, 0x00, 0x00, 0x00, 0x00, 0x00, 0x00,
    0x00, 0x00, 0x00, 0x00, 0x00, 0x00, 0x00, 0x00, 0x00, 0x00, 0x00, 0x00,
    0x00, 0x00, 0x00, 0x00, 0xc8, 0x97, 0x32, 0x9f, 0xc8, 0x97, 0x32, 0xff,
    0xc8, 0x97, 0x32, 0xff, 0xc8, 0x97, 0x32, 0xff, 0xc8, 0x97, 0x32, 0xff,
    0xc8, 0x97, 0x32, 0xff, 0xc8, 0x97, 0x32, 0xff, 0xc8, 0x97, 0x32, 0xff,
    0xc8, 0x97, 0x32, 0xff, 0xc8, 0x97, 0x32, 0xff, 0xc8, 0x97, 0x32, 0xff,
    0xc8, 0x97, 0x32, 0xff, 0xc8, 0x97, 0x32, 0xff, 0xc8, 0x97, 0x32, 0xff,
    0xc8, 0x97, 0x32, 0xff, 0xc8, 0x97, 0x32, 0xff, 0xc8, 0x97, 0x32, 0xff,
    0xc8, 0x97, 0x32, 0xff, 0xc8, 0x97, 0x32, 0xff, 0xc8, 0x97, 0x32, 0xff,
    0xc8, 0x97, 0x32, 0xff, 0xc8, 0x97, 0x32, 0x9f, 0x00, 0x00, 0x00, 0x00,
    0x00, 0x00, 0x00, 0x00, 0x00, 0x00, 0x00, 0x00, 0x00, 0x00, 0x00, 0x00,
    0x00, 0x00, 0x00, 0x00, 0x00, 0x00, 0x00, 0x00, 0x00, 0x00, 0x00, 0x00,
    0x00, 0x00, 0x00, 0x00, 0x00, 0x00, 0x00, 0x00, 0x00, 0x00, 0x00, 0x00,
    0x00, 0x00, 0x00, 0x00, 0x00, 0x00, 0x00, 0x00, 0x00, 0x00, 0x00, 0x00,
    0x00, 0x00, 0x00, 0x00, 0x70, 0x68, 0x64, 0x40, 0x70, 0x69, 0x63, 0xff,
    0x70, 0x69, 0x63, 0xff, 0x70, 0x69, 0x63, 0xff, 0x70, 0x69, 0x63, 0xff,
    0x70, 0x69, 0x63, 0xff, 0x70, 0x69, 0x63, 0xff, 0x70, 0x69, 0x63, 0xff,
    0x70, 0x69, 0x63, 0xff, 0x70, 0x69, 0x63, 0xff, 0x70, 0x69, 0x63, 0xff,
    0x70, 0x69, 0x63, 0xff, 0x70, 0x69, 0x63, 0xff, 0x70, 0x69, 0x63, 0xff,
    0x70, 0x69, 0x63, 0xff, 0x70, 0x69, 0x63, 0xff, 0x70, 0x69, 0x63, 0xff,
    0x70, 0x69, 0x63, 0xff, 0x70, 0x69, 0x63, 0xff, 0x70, 0x69, 0x63, 0xff,
    0x70, 0x69, 0x63, 0xff, 0x70, 0x68, 0x62, 0x7f, 0x00, 0x00, 0x00, 0x00,
    0x00, 0x00, 0x00, 0x00, 0x00, 0x00, 0x00, 0x00, 0x00, 0x00, 0x00, 0x00,
    0x00, 0x00, 0x00, 0x00, 0x00, 0x00, 0x00, 0x00, 0x00, 0x00, 0x00, 0x00,
    0x00, 0x00, 0x00, 0x00, 0x00, 0x00, 0x00, 0x00, 0x00, 0x00, 0x00, 0x00,
    0x00, 0x00, 0x00, 0x00, 0x00, 0x00, 0x00, 0x00, 0xc7, 0x97, 0x30, 0x20,
    0xc8, 0x97, 0x32, 0xff, 0xc8, 0x97, 0x32, 0xff, 0xc8, 0x97, 0x32, 0xff,
    0xc8, 0x97, 0x32, 0xff, 0xc8, 0x97, 0x32, 0xff, 0xc8, 0x97, 0x32, 0xff,
    0xc8, 0x97, 0x32, 0xff, 0xc8, 0x97, 0x32, 0xff, 0xc8, 0x97, 0x32, 0xff,
    0xc8, 0x97, 0x32, 0xff, 0xc8, 0x97, 0x32, 0xff, 0xc8, 0x97, 0x32, 0xff,
    0xc8, 0x97, 0x32, 0xff, 0xc8, 0x97, 0x32, 0xff, 0xc8, 0x97, 0x32, 0xff,
    0xc8, 0x97, 0x32, 0xff, 0xc8, 0x97, 0x32, 0xff, 0xc8, 0x97, 0x32, 0xff,
    0xc8, 0x97, 0x32, 0xff, 0xc8, 0x97, 0x32, 0xff, 0xc8, 0x97, 0x32, 0xff,
    0xc7, 0x97, 0x30, 0x20, 0x00, 0x00, 0x00, 0x00, 0x00, 0x00, 0x00, 0x00,
    0x00, 0x00, 0x00, 0x00, 0x00, 0x00, 0x00, 0x00, 0x00, 0x00, 0x00, 0x00,
    0x00, 0x00, 0x00, 0x00, 0x00, 0x00, 0x00, 0x00, 0x00, 0x00, 0x00, 0x00,
    0x00, 0x00, 0x00, 0x00, 0x00, 0x00, 0x00, 0x00, 0x00, 0x00, 0x00, 0x00,
    0x00, 0x00, 0x00, 0x00, 0x00, 0x00, 0x00, 0x00, 0x00, 0x00, 0x00, 0x00,
    0x00, 0x00, 0x00, 0x00, 0x70, 0x69, 0x63, 0xbf, 0x70, 0x69, 0x63, 0xff,
    0x70, 0x69, 0x63, 0xff, 0x70, 0x69, 0x63, 0xff, 0x70, 0x69, 0x63, 0xff,
    0x70, 0x69, 0x63, 0xff, 0x70, 0x69, 0x63, 0xff, 0x70, 0x69, 0x63, 0xff,
    0x70, 0x69, 0x63, 0xff, 0x70, 0x69, 0x63, 0xff, 0x70, 0x69, 0x63, 0xff,
    0x70, 0x69, 0x63, 0xff, 0x70, 0x69, 0x63, 0xff, 0x70, 0x69, 0x63, 0xff,
    0x70, 0x69, 0x63, 0xff, 0x70, 0x69, 0x63, 0xff, 0x70, 0x69, 0x63, 0xff,
    0x70, 0x69, 0x63, 0xff, 0x70, 0x69, 0x63, 0xff, 0x70, 0x69, 0x63, 0xff,
    0x70, 0x69, 0x63, 0xef, 0x00, 0x00, 0x00, 0x00, 0x00, 0x00, 0x00, 0x00,
    0x00, 0x00, 0x00, 0x00, 0x00, 0x00, 0x00, 0x00, 0x00, 0x00, 0x00, 0x00,
    0x00, 0x00, 0x00, 0x00, 0x00, 0x00, 0x00, 0x00, 0x00, 0x00, 0x00, 0x00,
    0x00, 0x00, 0x00, 0x00, 0x00, 0x00, 0x00, 0x00, 0x00, 0x00, 0x00, 0x00,
    0x00, 0x00, 0x00, 0x00, 0xc8, 0x97, 0x33, 0xbf, 0xc8, 0x97, 0x32, 0xff,
    0xc8, 0x97, 0x32, 0xff, 0xc8, 0x97, 0x32, 0xff, 0xc8, 0x97, 0x32, 0xff,
    0xc8, 0x97, 0x32, 0xff, 0xc8, 0x97, 0x32, 0xff, 0xc8, 0x97, 0x32, 0xff,
    0xc8, 0x97, 0x32, 0xff, 0xc8, 0x97, 0x32, 0xff, 0xc8, 0x97, 0x32, 0xff,
    0xc8, 0x97, 0x32, 0xff, 0xc8, 0x97, 0x32, 0xff, 0xc8, 0x97, 0x32, 0xff,
    0xc8, 0x97, 0x32, 0xff, 0xc8, 0x97, 0x32, 0xff, 0xc8, 0x97, 0x32, 0xff,
    0xc8, 0x97, 0x32, 0xff, 0xc8, 0x97, 0x32, 0xff, 0xc8, 0x97, 0x32, 0xff,
    0xc8, 0x97, 0x32, 0xff, 0xc8, 0x97, 0x32, 0x9f, 0x00, 0x00, 0x00, 0x00,
    0x00, 0x00, 0x00, 0x00, 0x00, 0x00, 0x00, 0x00, 0x00, 0x00, 0x00, 0x00,
    0x00, 0x00, 0x00, 0x00, 0x00, 0x00, 0x00, 0x00, 0x00, 0x00, 0x00, 0x00,
    0x00, 0x00, 0x00, 0x00, 0x00, 0x00, 0x00, 0x00, 0x00, 0x00, 0x00, 0x00,
    0x00, 0x00, 0x00, 0x00, 0x00, 0x00, 0x00, 0x00, 0x00, 0x00, 0x00, 0x00,
    0x00, 0x00, 0x00, 0x00, 0x00, 0x00, 0x00, 0x00, 0x00, 0x00, 0x00, 0x00,
    0x70, 0x65, 0x65, 0x30, 0x70, 0x69, 0x63, 0xff, 0x70, 0x69, 0x63, 0xff,
    0x70, 0x69, 0x63, 0xff, 0x70, 0x69, 0x63, 0xff, 0x70, 0x69, 0x63, 0xff,
    0x70, 0x69, 0x63, 0xff, 0x70, 0x69, 0x63, 0xff, 0x70, 0x69, 0x63, 0xff,
    0x70, 0x69, 0x63, 0xff, 0x70, 0x69, 0x63, 0xff, 0x70, 0x69, 0x63, 0xff,
    0x70, 0x69, 0x63, 0xff, 0x70, 0x69, 0x63, 0xff, 0x70, 0x69, 0x63, 0xff,
    0x70, 0x69, 0x63, 0xff, 0x70, 0x69, 0x63, 0xff, 0x70, 0x69, 0x63, 0xff,
    0x70, 0x69, 0x63, 0xff, 0x70, 0x69, 0x63, 0xff, 0x70, 0x69, 0x63, 0xff,
    0x73, 0x6b, 0x63, 0x1f, 0x00, 0x00, 0x00, 0x00, 0x00, 0x00, 0x00, 0x00,
    0x00, 0x00, 0x00, 0x00, 0x00, 0x00, 0x00, 0x00, 0x00, 0x00, 0x00, 0x00,
    0x00, 0x00, 0x00, 0x00, 0x00, 0x00, 0x00, 0x00, 0x00, 0x00, 0x00, 0x00,
    0x00, 0x00, 0x00, 0x00, 0x00, 0x00, 0x00, 0x00, 0xc7, 0x97, 0x32, 0x60,
    0xc8, 0x97, 0x32, 0xff, 0xc8, 0x97, 0x32, 0xff, 0xc8, 0x97, 0x32, 0xff,
    0xc8, 0x97, 0x32, 0xff, 0xc8, 0x97, 0x32, 0xff, 0xc8, 0x97, 0x32, 0xff,
    0xc8, 0x97, 0x32, 0xff, 0xc8, 0x97, 0x32, 0xff, 0xc8, 0x97, 0x32, 0xff,
    0xc8, 0x97, 0x32, 0xff, 0xc8, 0x97, 0x32, 0xff, 0xc8, 0x97, 0x32, 0xff,
    0xc8, 0x97, 0x32, 0xff, 0xc8, 0x97, 0x32, 0xff, 0xc8, 0x97, 0x32, 0xff,
    0xc8, 0x97, 0x32, 0xff, 0xc8, 0x97, 0x32, 0xff, 0xc8, 0x97, 0x32, 0xff,
    0xc8, 0x97, 0x32, 0xff, 0xc8, 0x97, 0x32, 0xff, 0xc8, 0x97, 0x32, 0xff,
    0xc7, 0x97, 0x30, 0x20, 0x00, 0x00, 0x00, 0x00, 0x00, 0x00, 0x00, 0x00,
    0x00, 0x00, 0x00, 0x00, 0x00, 0x00, 0x00, 0x00, 0x00, 0x00, 0x00, 0x00,
    0x00, 0x00, 0x00, 0x00, 0x00, 0x00, 0x00, 0x00, 0x00, 0x00, 0x00, 0x00,
    0x00, 0x00, 0x00, 0x00, 0x00, 0x00, 0x00, 0x00, 0x00, 0x00, 0x00, 0x00,
    0x00, 0x00, 0x00, 0x00, 0x00, 0x00, 0x00, 0x00, 0x00, 0x00, 0x00, 0x00,
    0x00, 0x00, 0x00, 0x00, 0x00, 0x00, 0x00, 0x00, 0x00, 0x00, 0x00, 0x00,
    0x70, 0x6a, 0x62, 0x9f, 0x70, 0x69, 0x63, 0xff, 0x70, 0x69, 0x63, 0xff,
    0x70, 0x69, 0x63, 0xff, 0x70, 0x69, 0x63, 0xff, 0x70, 0x69, 0x63, 0xff,
    0x70, 0x69, 0x63, 0xff, 0x70, 0x69, 0x63, 0xff, 0x70, 0x69, 0x63, 0xff,
    0x70, 0x69, 0x63, 0xff, 0x70, 0x69, 0x63, 0xff, 0x70, 0x69, 0x63, 0xff,
    0x70, 0x69, 0x63, 0xff, 0x70, 0x69, 0x63, 0xff, 0x70, 0x69, 0x63, 0xff,
    0x70, 0x69, 0x63, 0xff, 0x70, 0x69, 0x63, 0xff, 0x70, 0x69, 0x63, 0xff,
    0x70, 0x69, 0x63, 0xff, 0x70, 0x69, 0x62, 0xdf, 0x00, 0x00, 0x00, 0x00,
    0x00, 0x00, 0x00, 0x00, 0x00, 0x00, 0x00, 0x00, 0x00, 0x00, 0x00, 0x00,
    0x00, 0x00, 0x00, 0x00, 0x00, 0x00, 0x00, 0x00, 0x00, 0x00, 0x00, 0x00,
    0x00, 0x00, 0x00, 0x00, 0x00, 0x00, 0x00, 0x00, 0x00, 0x00, 0x00, 0x00,
    0x00, 0x00, 0x00, 0x00, 0xc8, 0x97, 0x32, 0xdf, 0xc8, 0x97, 0x32, 0xff,
    0xc8, 0x97, 0x32, 0xff, 0xc8, 0x97, 0x32, 0xff, 0xc8, 0x97, 0x32, 0xff,
    0xc8, 0x97, 0x32, 0xff, 0xc8, 0x97, 0x32, 0xff, 0xc8, 0x97, 0x32, 0xff,
    0xc8, 0x97, 0x32, 0xff, 0xc8, 0x97, 0x32, 0xff, 0xc8, 0x97, 0x32, 0xff,
    0xc8, 0x97, 0x32, 0xff, 0xc8, 0x97, 0x32, 0xff, 0xc8, 0x97, 0x32, 0xff,
    0xc8, 0x97, 0x32, 0xff, 0xc8, 0x97, 0x32, 0xff, 0xc8, 0x97, 0x32, 0xff,
    0xc8, 0x97, 0x32, 0xff, 0xc8, 0x97, 0x32, 0xff, 0xc8, 0x97, 0x32, 0xff,
    0xc8, 0x97, 0x32, 0xff, 0xc9, 0x97, 0x30, 0x7f, 0x00, 0x00, 0x00, 0x00,
    0x00, 0x00, 0x00, 0x00, 0x00, 0x00, 0x00, 0x00, 0x00, 0x00, 0x00, 0x00,
    0x00, 0x00, 0x00, 0x00, 0x00, 0x00, 0x00, 0x00, 0x00, 0x00, 0x00, 0x00,
    0x00, 0x00, 0x00, 0x00, 0x00, 0x00, 0x00, 0x00, 0x00, 0x00, 0x00, 0x00,
    0x00, 0x00, 0x00, 0x00, 0x00, 0x00, 0x00, 0x00, 0x00, 0x00, 0x00, 0x00,
    0x00, 0x00, 0x00, 0x00, 0x00, 0x00, 0x00, 0x00, 0x00, 0x00, 0x00, 0x00,
    0x00, 0x00, 0x00, 0x00, 0x00, 0x00, 0x00, 0x00, 0x70, 0x68, 0x60, 0x20,
    0x70, 0x69, 0x63, 0xff, 0x70, 0x69, 0x63, 0xff, 0x70, 0x69, 0x63, 0xff,
    0x70, 0x69, 0x63, 0xff, 0x70, 0x69, 0x63, 0xff, 0x70, 0x69, 0x63, 0xff,
    0x70, 0x69, 0x63, 0xff, 0x70, 0x69, 0x63, 0xff, 0x70, 0x69, 0x63, 0xff,
    0x70, 0x69, 0x63, 0xff, 0x70, 0x69, 0x63, 0xff, 0x70, 0x69, 0x63, 0xff,
    0x70, 0x69, 0x63, 0xff, 0x70, 0x69, 0x63, 0xff, 0x70, 0x69, 0x63, 0xff,
    0x70, 0x69, 0x63, 0xff, 0x70, 0x69, 0x63, 0xff, 0x70, 0x69, 0x63, 0xff,
    0x70, 0x68, 0x62, 0x7f, 0x00, 0x00, 0x00, 0x00, 0x00, 0x00, 0x00, 0x00,
    0x00, 0x00, 0x00, 0x00, 0x00, 0x00, 0x00, 0x00, 0x00, 0x00, 0x00, 0x00,
    0x00, 0x00, 0x00, 0x00, 0x00, 0x00, 0x00, 0x00, 0x00, 0x00, 0x00, 0x00,
    0x00, 0x00, 0x00, 0x00, 0x00, 0x00, 0x00, 0x00, 0xc7, 0x97, 0x32, 0x60,
    0xc8, 0x97, 0x32, 0xff, 0xc8, 0x97, 0x32, 0xff, 0xc8, 0x97, 0x32, 0xff,
    0xc8, 0x97, 0x32, 0xff, 0xc8, 0x97, 0x32, 0xff, 0xc8, 0x97, 0x32, 0xff,
    0xc8, 0x97, 0x32, 0xff, 0xc8, 0x97, 0x32, 0xff, 0xc8, 0x97, 0x32, 0xff,
    0xc8, 0x97, 0x32, 0xff, 0xc8, 0x97, 0x32, 0xff, 0xc8, 0x97, 0x32, 0xff,
    0xc8, 0x97, 0x32, 0xff, 0xc8, 0x97, 0x32, 0xff, 0xc8, 0x97, 0x32, 0xff,
    0xc8, 0x97, 0x32, 0xff, 0xc8, 0x97, 0x32, 0xff, 0xc8, 0x97, 0x32, 0xff,
    0xc8, 0x97, 0x32, 0xff, 0xc8, 0x97, 0x32, 0xff, 0xc8, 0x97, 0x31, 0xdf,
    0xc7, 0x97, 0x30, 0x20, 0x00, 0x00, 0x00, 0x00, 0x00, 0x00, 0x00, 0x00,
    0x00, 0x00, 0x00, 0x00, 0x00, 0x00, 0x00, 0x00, 0x00, 0x00, 0x00, 0x00,
    0x00, 0x00, 0x00, 0x00, 0x00, 0x00, 0x00, 0x00, 0x00, 0x00, 0x00, 0x00,
    0x00, 0x00, 0x00, 0x00, 0x00, 0x00, 0x00, 0x00, 0x00, 0x00, 0x00, 0x00,
    0x00, 0x00, 0x00, 0x00, 0x00, 0x00, 0x00, 0x00, 0x00, 0x00, 0x00, 0x00,
    0x00, 0x00, 0x00, 0x00, 0x00, 0x00, 0x00, 0x00, 0x00, 0x00, 0x00, 0x00,
    0x00, 0x00, 0x00, 0x00, 0x00, 0x00, 0x00, 0x00, 0x70, 0x6a, 0x62, 0x9f,
    0x70, 0x69, 0x63, 0xff, 0x70, 0x69, 0x63, 0xff, 0x70, 0x69, 0x63, 0xff,
    0x70, 0x69, 0x63, 0xff, 0x70, 0x69, 0x63, 0xff, 0x70, 0x69, 0x63, 0xff,
    0x70, 0x69, 0x63, 0xff, 0x70, 0x69, 0x63, 0xff, 0x70, 0x69, 0x63, 0xff,
    0x70, 0x69, 0x63, 0xff, 0x70, 0x69, 0x63, 0xff, 0x70, 0x69, 0x63, 0xff,
    0x70, 0x69, 0x63, 0xff, 0x70, 0x69, 0x63, 0xff, 0x70, 0x69, 0x63, 0xff,
    0x70, 0x69, 0x63, 0xff, 0x70, 0x69, 0x62, 0xdf, 0x70, 0x68, 0x60, 0x20,
    0x00, 0x00, 0x00, 0x00, 0x00, 0x00, 0x00, 0x00, 0x00, 0x00, 0x00, 0x00,
    0x00, 0x00, 0x00, 0x00, 0x00, 0x00, 0x00, 0x00, 0x00, 0x00, 0x00, 0x00,
    0x00, 0x00, 0x00, 0x00, 0x00, 0x00, 0x00, 0x00, 0x00, 0x00, 0x00, 0x00,
    0x00, 0x00, 0x00, 0x00, 0xc8, 0x97, 0x32, 0xdf, 0xc8, 0x97, 0x32, 0xff,
    0xc8, 0x97, 0x32, 0xff, 0xc8, 0x97, 0x32, 0xff, 0xc8, 0x97, 0x32, 0xff,
    0xc8, 0x97, 0x32, 0xff, 0xc8, 0x97, 0x32, 0xff, 0xc8, 0x97, 0x32, 0xff,
    0xc8, 0x97, 0x32, 0xff, 0xc8, 0x97, 0x32, 0xff, 0xc8, 0x97, 0x32, 0xff,
    0xc8, 0x97, 0x32, 0xff, 0xc8, 0x97, 0x32, 0xff, 0xc8, 0x97, 0x32, 0xff,
    0xc8, 0x97, 0x32, 0xff, 0xc8, 0x97, 0x32, 0xff, 0xc8, 0x97, 0x32, 0xff,
    0xc8, 0x97, 0x32, 0xff, 0xc8, 0x97, 0x32, 0xff, 0xc8, 0x97, 0x32, 0xff,
    0xc8, 0x97, 0x32, 0xff, 0xc9, 0x96, 0x30, 0x5f, 0x00, 0x00, 0x00, 0x00,
    0x00, 0x00, 0x00, 0x00, 0x00, 0x00, 0x00, 0x00, 0x00, 0x00, 0x00, 0x00,
    0x00, 0x00, 0x00, 0x00, 0x00, 0x00, 0x00, 0x00, 0x00, 0x00, 0x00, 0x00,
    0x00, 0x00, 0x00, 0x00, 0x00, 0x00, 0x00, 0x00, 0x00, 0x00, 0x00, 0x00,
    0x00, 0x00, 0x00, 0x00, 0x00, 0x00, 0x00, 0x00, 0x00, 0x00, 0x00, 0x00,
    0x00, 0x00, 0x00, 0x00, 0x00, 0x00, 0x00, 0x00, 0x00, 0x00, 0x00, 0x00,
    0x00, 0x00, 0x00, 0x00, 0x00, 0x00, 0x00, 0x00, 0x00, 0x00, 0x00, 0x00,
    0x00, 0x00, 0x00, 0x00, 0x70, 0x68, 0x60, 0x20, 0x70, 0x69, 0x63, 0xef,
    0x70, 0x69, 0x63, 0xff, 0x70, 0x69, 0x63, 0xff, 0x70, 0x69, 0x63, 0xff,
    0x70, 0x69, 0x63, 0xff, 0x70, 0x69, 0x63, 0xff, 0x70, 0x69, 0x63, 0xff,
    0x70, 0x69, 0x63, 0xff, 0x70, 0x69, 0x63, 0xff, 0x70, 0x69, 0x63, 0xff,
    0x70, 0x69, 0x63, 0xff, 0x70, 0x69, 0x63, 0xff, 0x70, 0x69, 0x63, 0xff,
    0x70, 0x69, 0x63, 0xff, 0x70, 0x69, 0x63, 0xff, 0x70, 0x69, 0x63, 0xff,
    0x70, 0x68, 0x62, 0x7f, 0x00, 0x00, 0x00, 0x00, 0x00, 0x00, 0x00, 0x00,
    0x00, 0x00, 0x00, 0x00, 0x00, 0x00, 0x00, 0x00, 0x00, 0x00, 0x00, 0x00,
    0x00, 0x00, 0x00, 0x00, 0x00, 0x00, 0x00, 0x00, 0x00, 0x00, 0x00, 0x00,
    0x00, 0x00, 0x00, 0x00, 0x00, 0x00, 0x00, 0x00, 0xc7, 0x97, 0x32, 0x60,
    0xc8, 0x97, 0x32, 0xff, 0xc8, 0x97, 0x32, 0xff, 0xc8, 0x97, 0x32, 0xff,
    0xc8, 0x97, 0x32, 0xff, 0xc8, 0x97, 0x32, 0xff, 0xc8, 0x97, 0x32, 0xff,
    0xc8, 0x97, 0x32, 0xff, 0xc8, 0x97, 0x32, 0xff, 0xc8, 0x97, 0x32, 0xff,
    0xc8, 0x97, 0x32, 0xff, 0xc8, 0x97, 0x32, 0xff, 0xc8, 0x97, 0x32, 0xff,
    0xc8, 0x97, 0x32, 0xff, 0xc8, 0x97, 0x32, 0xff, 0xc8, 0x97, 0x32, 0xff,
    0xc8, 0x97, 0x32, 0xff, 0xc8, 0x97, 0x32, 0xff, 0xc8, 0x97, 0x32, 0xff,
    0xc8, 0x97, 0x32, 0xff, 0xc8, 0x97, 0x32, 0xff, 0xc8, 0x97, 0x31, 0xdf,
    0x00, 0x00, 0x00, 0x00, 0x00, 0x00, 0x00, 0x00, 0x00, 0x00, 0x00, 0x00,
    0x00, 0x00, 0x00, 0x00, 0x00, 0x00, 0x00, 0x00, 0x00, 0x00, 0x00, 0x00,
    0x00, 0x00, 0x00, 0x00, 0x00, 0x00, 0x00, 0x00, 0x00, 0x00, 0x00, 0x00,
    0x00, 0x00, 0x00, 0x00, 0x00, 0x00, 0x00, 0x00, 0x00, 0x00, 0x00, 0x00,
    0x00, 0x00, 0x00, 0x00, 0x00, 0x00, 0x00, 0x00, 0x00, 0x00, 0x00, 0x00,
    0x00, 0x00, 0x00, 0x00, 0x00, 0x00, 0x00, 0x00, 0x00, 0x00, 0x00, 0x00,
    0x00, 0x00, 0x00, 0x00, 0x00, 0x00, 0x00, 0x00, 0x00, 0x00, 0x00, 0x00,
    0x00, 0x00, 0x00, 0x00, 0x70, 0x68, 0x62, 0x7f, 0x70, 0x69, 0x63, 0xff,
    0x70, 0x69, 0x63, 0xff, 0x70, 0x69, 0x63, 0xff, 0x70, 0x69, 0x63, 0xff,
    0x70, 0x69, 0x63, 0xff, 0x70, 0x69, 0x63, 0xff, 0x70, 0x69, 0x63, 0xff,
    0x70, 0x69, 0x63, 0xff, 0x70, 0x69, 0x63, 0xff, 0x70, 0x69, 0x63, 0xff,
    0x70, 0x69, 0x63, 0xff, 0x70, 0x69, 0x63, 0xff, 0x70, 0x69, 0x63, 0xff,
    0x70, 0x69, 0x63, 0xff, 0x70, 0x69, 0x62, 0xdf, 0x70, 0x68, 0x60, 0x20,
    0x00, 0x00, 0x00, 0x00, 0x00, 0x00, 0x00, 0x00, 0x00, 0x00, 0x00, 0x00,
    0x00, 0x00, 0x00, 0x00, 0x00, 0x00, 0x00, 0x00, 0x00, 0x00, 0x00, 0x00,
    0x00, 0x00, 0x00, 0x00, 0x00, 0x00, 0x00, 0x00, 0x00, 0x00, 0x00, 0x00,
    0xc7, 0x97, 0x30, 0x20, 0xc8, 0x97, 0x32, 0xdf, 0xc8, 0x97, 0x32, 0xff,
    0xc8, 0x97, 0x32, 0xff, 0xc8, 0x97, 0x32, 0xff, 0xc8, 0x97, 0x32, 0xff,
    0xc8, 0x97, 0x32, 0xff, 0xc8, 0x97, 0x32, 0xff, 0xc8, 0x97, 0x32, 0xff,
    0xc8, 0x97, 0x32, 0xff, 0xc8, 0x97, 0x32, 0xff, 0xc8, 0x97, 0x32, 0xff,
    0xc8, 0x97, 0x32, 0xff, 0xc8, 0x97, 0x32, 0xff, 0xc8, 0x97, 0x32, 0xff,
    0xc8, 0x97, 0x32, 0xff, 0xc8, 0x97, 0x32, 0xff, 0xc8, 0x97, 0x32, 0xff,
    0xc8, 0x97, 0x32, 0xff, 0xc8, 0x97, 0x32, 0xff, 0xc8, 0x97, 0x32, 0xff,
    0xc8, 0x97, 0x32, 0xff, 0xc9, 0x96, 0x30, 0x5f, 0x00, 0x00, 0x00, 0x00,
    0x00, 0x00, 0x00, 0x00, 0x00, 0x00, 0x00, 0x00, 0x00, 0x00, 0x00, 0x00,
    0x00, 0x00, 0x00, 0x00, 0x00, 0x00, 0x00, 0x00, 0x00, 0x00, 0x00, 0x00,
    0x00, 0x00, 0x00, 0x00, 0x00, 0x00, 0x00, 0x00, 0x00, 0x00, 0x00, 0x00,
    0x00, 0x00, 0x00, 0x00, 0x00, 0x00, 0x00, 0x00, 0x00, 0x00, 0x00, 0x00,
    0x00, 0x00, 0x00, 0x00, 0x00, 0x00, 0x00, 0x00, 0x00, 0x00, 0x00, 0x00,
    0x00, 0x00, 0x00, 0x00, 0x00, 0x00, 0x00, 0x00, 0x00, 0x00, 0x00, 0x00,
    0x00, 0x00, 0x00, 0x00, 0x00, 0x00, 0x00, 0x00, 0x00, 0x00, 0x00, 0x00,
    0x70, 0x70, 0x60, 0x10, 0x70, 0x69, 0x63, 0xef, 0x70, 0x69, 0x63, 0xff,
    0x70, 0x69, 0x63, 0xff, 0x70, 0x69, 0x63, 0xff, 0x70, 0x69, 0x63, 0xff,
    0x70, 0x69, 0x63, 0xff, 0x70, 0x69, 0x63, 0xff, 0x70, 0x69, 0x63, 0xff,
    0x70, 0x69, 0x63, 0xff, 0x70, 0x69, 0x63, 0xff, 0x70, 0x69, 0x63, 0xff,
    0x70, 0x69, 0x63, 0xff, 0x70, 0x69, 0x63, 0xff, 0x70, 0x69, 0x63, 0xff,
    0x70, 0x68, 0x62, 0x7f, 0x00, 0x00, 0x00, 0x00, 0x00, 0x00, 0x00, 0x00,
    0x00, 0x00, 0x00, 0x00, 0x00, 0x00, 0x00, 0x00, 0x00, 0x00, 0x00, 0x00,
    0x00, 0x00, 0x00, 0x00, 0x00, 0x00, 0x00, 0x00, 0x00, 0x00, 0x00, 0x00,
    0x00, 0x00, 0x00, 0x00, 0x00, 0x00, 0x00, 0x00, 0xc7, 0x97, 0x32, 0x80,
    0xc8, 0x97, 0x32, 0xff, 0xc8, 0x97, 0x32, 0xff, 0xc8, 0x97, 0x32, 0xff,
    0xc8, 0x97, 0x32, 0xff, 0xc8, 0x97, 0x32, 0xff, 0xc8, 0x97, 0x32, 0xff,
    0xc8, 0x97, 0x32, 0xff, 0xc8, 0x97, 0x32, 0xff, 0xc8, 0x97, 0x32, 0xff,
    0xc8, 0x97, 0x32, 0xff, 0xc8, 0x97, 0x32, 0xff, 0xc8, 0x97, 0x32, 0xff,
    0xc8, 0x97, 0x32, 0xff, 0xc8, 0x97, 0x32, 0xff, 0xc8, 0x97, 0x32, 0xff,
    0xc8, 0x97, 0x32, 0xff, 0xc8, 0x97, 0x32, 0xff, 0xc8, 0x97, 0x32, 0xff,
    0xc8, 0x97, 0x32, 0xff, 0xc8, 0x97, 0x32, 0xff, 0xc8, 0x97, 0x31, 0xdf,
    0x00, 0x00, 0x00, 0x00, 0x00, 0x00, 0x00, 0x00, 0x00, 0x00, 0x00, 0x00,
    0x00, 0x00, 0x00, 0x00, 0x00, 0x00, 0x00, 0x00, 0x00, 0x00, 0x00, 0x00,
    0x00, 0x00, 0x00, 0x00, 0x00, 0x00, 0x00, 0x00, 0x00, 0x00, 0x00, 0x00,
    0x00, 0x00, 0x00, 0x00, 0x00, 0x00, 0x00, 0x00, 0x00, 0x00, 0x00, 0x00,
    0x00, 0x00, 0x00, 0x00, 0x00, 0x00, 0x00, 0x00, 0x00, 0x00, 0x00, 0x00,
    0x00, 0x00, 0x00, 0x00, 0x00, 0x00, 0x00, 0x00, 0x00, 0x00, 0x00, 0x00,
    0x00, 0x00, 0x00, 0x00, 0x00, 0x00, 0x00, 0x00, 0x00, 0x00, 0x00, 0x00,
    0x00, 0x00, 0x00, 0x00, 0x00, 0x00, 0x00, 0x00, 0x00, 0x00, 0x00, 0x00,
    0x70, 0x68, 0x62, 0x7f, 0x70, 0x69, 0x63, 0xff, 0x70, 0x69, 0x63, 0xff,
    0x70, 0x69, 0x63, 0xff, 0x70, 0x69, 0x63, 0xff, 0x70, 0x69, 0x63, 0xff,
    0x70, 0x69, 0x63, 0xff, 0x70, 0x69, 0x63, 0xff, 0x70, 0x69, 0x63, 0xff,
    0x70, 0x69, 0x63, 0xff, 0x70, 0x69, 0x63, 0xff, 0x70, 0x69, 0x63, 0xff,
    0x70, 0x69, 0x63, 0xff, 0x70, 0x69, 0x62, 0xdf, 0x00, 0x00, 0x00, 0x00,
    0x00, 0x00, 0x00, 0x00, 0x00, 0x00, 0x00, 0x00, 0x00, 0x00, 0x00, 0x00,
    0x00, 0x00, 0x00, 0x00, 0x00, 0x00, 0x00, 0x00, 0x00, 0x00, 0x00, 0x00,
    0x00, 0x00, 0x00, 0x00, 0x00, 0x00, 0x00, 0x00, 0x00, 0x00, 0x00, 0x00,
    0xc7, 0x97, 0x30, 0x20, 0xc8, 0x97, 0x32, 0xdf, 0xc8, 0x97, 0x32, 0xff,
    0xc8, 0x97, 0x32, 0xff, 0xc8, 0x97, 0x32, 0xff, 0xc8, 0x97, 0x32, 0xff,
    0xc8, 0x97, 0x32, 0xff, 0xc8, 0x97, 0x32, 0xff, 0xc8, 0x97, 0x32, 0xff,
    0xc8, 0x97, 0x32, 0xff, 0xc8, 0x97, 0x32, 0xff, 0xc8, 0x97, 0x32, 0xff,
    0xc8, 0x97, 0x32, 0xff, 0xc8, 0x97, 0x32, 0xff, 0xc8, 0x97, 0x32, 0xff,
    0xc8, 0x97, 0x32, 0xff, 0xc8, 0x97, 0x32, 0xff, 0xc8, 0x97, 0x32, 0xff,
    0xc8, 0x97, 0x32, 0xff, 0xc8, 0x97, 0x32, 0xff, 0xc8, 0x97, 0x32, 0xff,
    0xc8, 0x97, 0x32, 0xff, 0xc9, 0x96, 0x30, 0x5f, 0x00, 0x00, 0x00, 0x00,
    0x00, 0x00, 0x00, 0x00, 0x00, 0x00, 0x00, 0x00, 0x00, 0x00, 0x00, 0x00,
    0x00, 0x00, 0x00, 0x00, 0x00, 0x00, 0x00, 0x00, 0x00, 0x00, 0x00, 0x00,
    0x00, 0x00, 0x00, 0x00, 0x00, 0x00, 0x00, 0x00, 0x00, 0x00, 0x00, 0x00,
    0x00, 0x00, 0x00, 0x00, 0x00, 0x00, 0x00, 0x00, 0x00, 0x00, 0x00, 0x00,
    0x00, 0x00, 0x00, 0x00, 0x00, 0x00, 0x00, 0x00, 0x00, 0x00, 0x00, 0x00,
    0x00, 0x00, 0x00, 0x00, 0x00, 0x00, 0x00, 0x00, 0x00, 0x00, 0x00, 0x00,
    0x00, 0x00, 0x00, 0x00, 0x00, 0x00, 0x00, 0x00, 0x00, 0x00, 0x00, 0x00,
    0x00, 0x00, 0x00, 0x00, 0x00, 0x00, 0x00, 0x00, 0x70, 0x70, 0x60, 0x10,
    0x70, 0x69, 0x63, 0xef, 0x70, 0x69, 0x63, 0xff, 0x70, 0x69, 0x63, 0xff,
    0x70, 0x69, 0x63, 0xff, 0x70, 0x69, 0x63, 0xff, 0x70, 0x69, 0x63, 0xff,
    0x70, 0x69, 0x63, 0xff, 0x70, 0x69, 0x63, 0xff, 0x70, 0x69, 0x63, 0xff,
    0x70, 0x69, 0x63, 0xff, 0x70, 0x69, 0x63, 0xff, 0x70, 0x69, 0x63, 0xff,
    0x71, 0x69, 0x63, 0x5f, 0x00, 0x00, 0x00, 0x00, 0x00, 0x00, 0x00, 0x00,
    0x00, 0x00, 0x00, 0x00, 0x00, 0x00, 0x00, 0x00, 0x00, 0x00, 0x00, 0x00,
    0x00, 0x00, 0x00, 0x00, 0x00, 0x00, 0x00, 0x00, 0x00, 0x00, 0x00, 0x00,
    0x00, 0x00, 0x00, 0x00, 0x00, 0x00, 0x00, 0x00, 0xc8, 0x97, 0x32, 0x9f,
    0xc8, 0x97, 0x32, 0xff, 0xc8, 0x97, 0x32, 0xff, 0xc8, 0x97, 0x32, 0xff,
    0xc8, 0x97, 0x32, 0xff, 0xc8, 0x97, 0x32, 0xff, 0xc8, 0x97, 0x32, 0xff,
    0xc8, 0x97, 0x32, 0xff, 0xc8, 0x97, 0x32, 0xff, 0xc8, 0x97, 0x32, 0xff,
    0xc8, 0x97, 0x32, 0xff, 0xc8, 0x97, 0x32, 0xff, 0xc8, 0x97, 0x32, 0xff,
    0xc8, 0x97, 0x32, 0xff, 0xc8, 0x97, 0x32, 0xff, 0xc8, 0x97, 0x32, 0xff,
    0xc8, 0x97, 0x32, 0xff, 0xc8, 0x97, 0x32, 0xff, 0xc8, 0x97, 0x32, 0xff,
    0xc8, 0x97, 0x32, 0xff, 0xc8, 0x97, 0x32, 0xff, 0xc8, 0x97, 0x31, 0xbf,
    0x00, 0x00, 0x00, 0x00, 0x00, 0x00, 0x00, 0x00, 0x00, 0x00, 0x00, 0x00,
    0x00, 0x00, 0x00, 0x00, 0x00, 0x00, 0x00, 0x00, 0x00, 0x00, 0x00, 0x00,
    0x00, 0x00, 0x00, 0x00, 0x00, 0x00, 0x00, 0x00, 0x00, 0x00, 0x00, 0x00,
    0x00, 0x00, 0x00, 0x00, 0x00, 0x00, 0x00, 0x00, 0x00, 0x00, 0x00, 0x00,
    0x00, 0x00, 0x00, 0x00, 0x00, 0x00, 0x00, 0x00, 0x00, 0x00, 0x00, 0x00,
    0x00, 0x00, 0x00, 0x00, 0x00, 0x00, 0x00, 0x00, 0x00, 0x00, 0x00, 0x00,
    0x00, 0x00, 0x00, 0x00, 0x00, 0x00, 0x00, 0x00, 0x00, 0x00, 0x00, 0x00,
    0x00, 0x00, 0x00, 0x00, 0x00, 0x00, 0x00, 0x00, 0x00, 0x00, 0x00, 0x00,
    0x00, 0x00, 0x00, 0x00, 0x00, 0x00, 0x00, 0x00, 0x70, 0x68, 0x62, 0x7f,
    0x70, 0x69, 0x63, 0xff, 0x70, 0x69, 0x63, 0xff, 0x70, 0x69, 0x63, 0xff,
    0x70, 0x69, 0x63, 0xff, 0x70, 0x69, 0x63, 0xff, 0x70, 0x69, 0x63, 0xff,
    0x70, 0x69, 0x63, 0xff, 0x70, 0x69, 0x63, 0xff, 0x70, 0x69, 0x63, 0xff,
    0x70, 0x69, 0x63, 0xff, 0x70, 0x69, 0x62, 0xdf, 0x00, 0x00, 0x00, 0x00,
    0x00, 0x00, 0x00, 0x00, 0x00, 0x00, 0x00, 0x00, 0x00, 0x00, 0x00, 0x00,
    0x00, 0x00, 0x00, 0x00, 0x00, 0x00, 0x00, 0x00, 0x00, 0x00, 0x00, 0x00,
    0x00, 0x00, 0x00, 0x00, 0x00, 0x00, 0x00, 0x00, 0x00, 0x00, 0x00, 0x00,
    0xc7, 0x97, 0x30, 0x20, 0xc8, 0x97, 0x32, 0xff, 0xc8, 0x97, 0x32, 0xff,
    0xc8, 0x97, 0x32, 0xff, 0xc8, 0x97, 0x32, 0xff, 0xc8, 0x97, 0x32, 0xff,
    0xc8, 0x97, 0x32, 0xff, 0xc8, 0x97, 0x32, 0xff, 0xc8, 0x97, 0x32, 0xff,
    0xc8, 0x97, 0x32, 0xff, 0xc8, 0x97, 0x32, 0xff, 0xc8, 0x97, 0x32, 0xff,
    0xc8, 0x97, 0x32, 0xff, 0xc8, 0x97, 0x32, 0xff, 0xc8, 0x97, 0x32, 0xff,
    0xc8, 0x97, 0x32, 0xff, 0xc8, 0x97, 0x32, 0xff, 0xc8, 0x97, 0x32, 0xff,
    0xc8, 0x97, 0x32, 0xff, 0xc8, 0x97, 0x32, 0xff, 0xc8, 0x97, 0x32, 0xff,
    0xc8, 0x97, 0x32, 0xff, 0xc9, 0x98, 0x31, 0x2f, 0x00, 0x00, 0x00, 0x00,
    0x00, 0x00, 0x00, 0x00, 0x00, 0x00, 0x00, 0x00, 0x00, 0x00, 0x00, 0x00,
    0x00, 0x00, 0x00, 0x00, 0x00, 0x00, 0x00, 0x00, 0x00, 0x00, 0x00, 0x00,
    0x00, 0x00, 0x00, 0x00, 0x00, 0x00, 0x00, 0x00, 0x00, 0x00, 0x00, 0x00,
    0x00, 0x00, 0x00, 0x00, 0x00, 0x00, 0x00, 0x00, 0x00, 0x00, 0x00, 0x00,
    0x00, 0x00, 0x00, 0x00, 0x00, 0x00, 0x00, 0x00, 0x00, 0x00, 0x00, 0x00,
    0x00, 0x00, 0x00, 0x00, 0x00, 0x00, 0x00, 0x00, 0x00, 0x00, 0x00, 0x00,
    0x00, 0x00, 0x00, 0x00, 0x00, 0x00, 0x00, 0x00, 0x00, 0x00, 0x00, 0x00,
    0x00, 0x00, 0x00, 0x00, 0x00, 0x00, 0x00, 0x00, 0x00, 0x00, 0x00, 0x00,
    0x00, 0x00, 0x00, 0x00, 0x70, 0x70, 0x60, 0x10, 0x70, 0x69, 0x63, 0xef,
    0x70, 0x69, 0x63, 0xff, 0x70, 0x69, 0x63, 0xff, 0x70, 0x69, 0x63, 0xff,
    0x70, 0x69, 0x63, 0xff, 0x70, 0x69, 0x63, 0xff, 0x70, 0x69, 0x63, 0xff,
    0x70, 0x69, 0x63, 0xff, 0x70, 0x69, 0x63, 0xff, 0x70, 0x69, 0x63, 0xff,
    0x71, 0x69, 0x63, 0x5f, 0x00, 0x00, 0x00, 0x00, 0x00, 0x00, 0x00, 0x00,
    0x00, 0x00, 0x00, 0x00, 0x00, 0x00, 0x00, 0x00, 0x00, 0x00, 0x00, 0x00,
    0x00, 0x00, 0x00, 0x00, 0x00, 0x00, 0x00, 0x00, 0x00, 0x00, 0x00, 0x00,
    0x00, 0x00, 0x00, 0x00, 0x00, 0x00, 0x00, 0x00, 0xc8, 0x97, 0x32, 0x9f,
    0xc8, 0x97, 0x32, 0xff, 0xc8, 0x97, 0x32, 0xff, 0xc8, 0x97, 0x32, 0xff,
    0xc8, 0x97, 0x32, 0xff, 0xc8, 0x97, 0x32, 0xff, 0xc8, 0x97, 0x32, 0xff,
    0xc8, 0x97, 0x32, 0xff, 0xc8, 0x97, 0x32, 0xff, 0xc8, 0x97, 0x32, 0xff,
    0xc8, 0x97, 0x32, 0xff, 0xc8, 0x97, 0x32, 0xff, 0xc8, 0x97, 0x32, 0xff,
    0xc8, 0x97, 0x32, 0xff, 0xc8, 0x97, 0x32, 0xff, 0xc8, 0x97, 0x32, 0xff,
    0xc8, 0x97, 0x32, 0xff, 0xc8, 0x97, 0x32, 0xff, 0xc8, 0x97, 0x32, 0xff,
    0xc8, 0x97, 0x32, 0xff, 0xc8, 0x97, 0x32, 0xff, 0xc8, 0x97, 0x32, 0x9f,
    0x00, 0x00, 0x00, 0x00, 0x00, 0x00, 0x00, 0x00, 0x00, 0x00, 0x00, 0x00,
    0x00, 0x00, 0x00, 0x00, 0x00, 0x00, 0x00, 0x00, 0x00, 0x00, 0x00, 0x00,
    0x00, 0x00, 0x00, 0x00, 0x00, 0x00, 0x00, 0x00, 0x00, 0x00, 0x00, 0x00,
    0x00, 0x00, 0x00, 0x00, 0x00, 0x00, 0x00, 0x00, 0x00, 0x00, 0x00, 0x00,
    0x00, 0x00, 0x00, 0x00, 0x00, 0x00, 0x00, 0x00, 0x00, 0x00, 0x00, 0x00,
    0x00, 0x00, 0x00, 0x00, 0x00, 0x00, 0x00, 0x00, 0x00, 0x00, 0x00, 0x00,
    0x00, 0x00, 0x00, 0x00, 0x00, 0x00, 0x00, 0x00, 0x00, 0x00, 0x00, 0x00,
    0x00, 0x00, 0x00, 0x00, 0x00, 0x00, 0x00, 0x00, 0x00, 0x00, 0x00, 0x00,
    0x00, 0x00, 0x00, 0x00, 0x00, 0x00, 0x00, 0x00, 0x00, 0x00, 0x00, 0x00,
    0x00, 0x00, 0x00, 0x00, 0x70, 0x68, 0x62, 0x7f, 0x70, 0x69, 0x63, 0xff,
    0x70, 0x69, 0x63, 0xff, 0x70, 0x69, 0x63, 0xff, 0x70, 0x69, 0x63, 0xff,
    0x70, 0x69, 0x63, 0xff, 0x70, 0x69, 0x63, 0xff, 0x70, 0x69, 0x63, 0xff,
    0x70, 0x69, 0x63, 0xff, 0x70, 0x69, 0x62, 0xdf, 0x00, 0x00, 0x00, 0x00,
    0x00, 0x00, 0x00, 0x00, 0x00, 0x00, 0x00, 0x00, 0x00, 0x00, 0x00, 0x00,
    0x00, 0x00, 0x00, 0x00, 0x00, 0x00, 0x00, 0x00, 0x00, 0x00, 0x00, 0x00,
    0x00, 0x00, 0x00, 0x00, 0x00, 0x00, 0x00, 0x00, 0x00, 0x00, 0x00, 0x00,
    0xc7, 0x97, 0x30, 0x20, 0xc8, 0x97, 0x32, 0xff, 0xc8, 0x97, 0x32, 0xff,
    0xc8, 0x97, 0x32, 0xff, 0xc8, 0x97, 0x32, 0xff, 0xc8, 0x97, 0x32, 0xff,
    0xc8, 0x97, 0x32, 0xff, 0xc8, 0x97, 0x32, 0xff, 0xc8, 0x97, 0x32, 0xff,
    0xc8, 0x97, 0x32, 0xff, 0xc8, 0x97, 0x32, 0xff, 0xc8, 0x97, 0x32, 0xff,
    0xc8, 0x97, 0x32, 0xff, 0xc8, 0x97, 0x32, 0xff, 0xc8, 0x97, 0x32, 0xff,
    0xc8, 0x97, 0x32, 0xff, 0xc8, 0x97, 0x32, 0xff, 0xc8, 0x97, 0x32, 0xff,
    0xc8, 0x97, 0x32, 0xff, 0xc8, 0x97, 0x32, 0xff, 0xc8, 0x97, 0x32, 0xff,
    0xc8, 0x97, 0x32, 0xff, 0xc7, 0x97, 0x30, 0x20, 0x00, 0x00, 0x00, 0x00,
    0x00, 0x00, 0x00, 0x00, 0x00, 0x00, 0x00, 0x00, 0x00, 0x00, 0x00, 0x00,
    0x00, 0x00, 0x00, 0x00, 0x00, 0x00, 0x00, 0x00, 0x00, 0x00, 0x00, 0x00,
    0x00, 0x00, 0x00, 0x00, 0x00, 0x00, 0x00, 0x00, 0x00, 0x00, 0x00, 0x00,
    0x00, 0x00, 0x00, 0x00, 0x00, 0x00, 0x00, 0x00, 0x00, 0x00, 0x00, 0x00,
    0x00, 0x00, 0x00, 0x00, 0x00, 0x00, 0x00, 0x00, 0x00, 0x00, 0x00, 0x00,
    0x00, 0x00, 0x00, 0x00, 0x00, 0x00, 0x00, 0x00, 0x00, 0x00, 0x00, 0x00,
    0x00, 0x00, 0x00, 0x00, 0x00, 0x00, 0x00, 0x00, 0x00, 0x00, 0x00, 0x00,
    0x00, 0x00, 0x00, 0x00, 0x00, 0x00, 0x00, 0x00, 0x00, 0x00, 0x00, 0x00,
    0x00, 0x00, 0x00, 0x00, 0x00, 0x00, 0x00, 0x00, 0x00, 0x00, 0x00, 0x00,
    0x70, 0x70, 0x60, 0x10, 0x70, 0x69, 0x63, 0xef, 0x70, 0x69, 0x63, 0xff,
    0x70, 0x69, 0x63, 0xff, 0x70, 0x69, 0x63, 0xff, 0x70, 0x69, 0x63, 0xff,
    0x70, 0x69, 0x63, 0xff, 0x70, 0x69, 0x63, 0xff, 0x70, 0x69, 0x63, 0xff,
    0x71, 0x69, 0x63, 0x5f, 0x00, 0x00, 0x00, 0x00, 0x00, 0x00, 0x00, 0x00,
    0x00, 0x00, 0x00, 0x00, 0x00, 0x00, 0x00, 0x00, 0x00, 0x00, 0x00, 0x00,
    0x00, 0x00, 0x00, 0x00, 0x00, 0x00, 0x00, 0x00, 0x00, 0x00, 0x00, 0x00,
    0x00, 0x00, 0x00, 0x00, 0x00, 0x00, 0x00, 0x00, 0xc8, 0x97, 0x32, 0x9f,
    0xc8, 0x97, 0x32, 0xff, 0xc8, 0x97, 0x32, 0xff, 0xc8, 0x97, 0x32, 0xff,
    0xc8, 0x97, 0x32, 0xff, 0xc8, 0x97, 0x32, 0xff, 0xc8, 0x97, 0x32, 0xff,
    0xc8, 0x97, 0x32, 0xff, 0xc8, 0x97, 0x32, 0xff, 0xc8, 0x97, 0x32, 0xff,
    0xc8, 0x97, 0x32, 0xff, 0xc8, 0x97, 0x32, 0xff, 0xc8, 0x97, 0x32, 0xff,
    0xc8, 0x97, 0x32, 0xff, 0xc8, 0x97, 0x32, 0xff, 0xc8, 0x97, 0x32, 0xff,
    0xc8, 0x97, 0x32, 0xff, 0xc8, 0x97, 0x32, 0xff, 0xc8, 0x97, 0x32, 0xff,
    0xc8, 0x97, 0x32, 0xff, 0xc8, 0x97, 0x32, 0xff, 0xc8, 0x97, 0x32, 0x9f,
    0x00, 0x00, 0x00, 0x00, 0x00, 0x00, 0x00, 0x00, 0x00, 0x00, 0x00, 0x00,
    0x00, 0x00, 0x00, 0x00, 0x00, 0x00, 0x00, 0x00, 0x00, 0x00, 0x00, 0x00,
    0x00, 0x00, 0x00, 0x00, 0x00, 0x00, 0x00, 0x00, 0x00, 0x00, 0x00, 0x00,
    0x00, 0x00, 0x00, 0x00, 0x00, 0x00, 0x00, 0x00, 0x00, 0x00, 0x00, 0x00,
    0x00, 0x00, 0x00, 0x00, 0x00, 0x00, 0x00, 0x00, 0x00, 0x00, 0x00, 0x00,
    0x00, 0x00, 0x00, 0x00, 0x00, 0x00, 0x00, 0x00, 0x00, 0x00, 0x00, 0x00,
    0x00, 0x00, 0x00, 0x00, 0x00, 0x00, 0x00, 0x00, 0x00, 0x00, 0x00, 0x00,
    0x00, 0x00, 0x00, 0x00, 0x00, 0x00, 0x00, 0x00, 0x00, 0x00, 0x00, 0x00,
    0x00, 0x00, 0x00, 0x00, 0x00, 0x00, 0x00, 0x00, 0x00, 0x00, 0x00, 0x00,
    0x00, 0x00, 0x00, 0x00, 0x00, 0x00, 0x00, 0x00, 0x00, 0x00, 0x00, 0x00,
    0x70, 0x68, 0x62, 0x7f, 0x70, 0x69, 0x63, 0xff, 0x70, 0x69, 0x63, 0xff,
    0x70, 0x69, 0x63, 0xff, 0x70, 0x69, 0x63, 0xff, 0x70, 0x69, 0x63, 0xff,
    0x70, 0x69, 0x63, 0xff, 0x70, 0x69, 0x62, 0xdf, 0x00, 0x00, 0x00, 0x00,
    0x00, 0x00, 0x00, 0x00, 0x00, 0x00, 0x00, 0x00, 0x00, 0x00, 0x00, 0x00,
    0x00, 0x00, 0x00, 0x00, 0x00, 0x00, 0x00, 0x00, 0x00, 0x00, 0x00, 0x00,
    0x00, 0x00, 0x00, 0x00, 0x00, 0x00, 0x00, 0x00, 0x00, 0x00, 0x00, 0x00,
    0xc7, 0x97, 0x34, 0x40, 0xc8, 0x97, 0x32, 0xff, 0xc8, 0x97, 0x32, 0xff,
    0xc8, 0x97, 0x32, 0xff, 0xc8, 0x97, 0x32, 0xff, 0xc8, 0x97, 0x32, 0xff,
    0xc8, 0x97, 0x32, 0xff, 0xc8, 0x97, 0x32, 0xff, 0xc8, 0x97, 0x32, 0xff,
    0xc8, 0x97, 0x32, 0xff, 0xc8, 0x97, 0x32, 0xff, 0xc8, 0x97, 0x32, 0xff,
    0xc8, 0x97, 0x32, 0xff, 0xc8, 0x97, 0x32, 0xff, 0xc8, 0x97, 0x32, 0xff,
    0xc8, 0x97, 0x32, 0xff, 0xc8, 0x97, 0x32, 0xff, 0xc8, 0x97, 0x32, 0xff,
    0xc8, 0x97, 0x32, 0xff, 0xc8, 0x97, 0x32, 0xff, 0xc8, 0x97, 0x32, 0xff,
    0xc8, 0x97, 0x32, 0xff, 0xc7, 0x97, 0x30, 0x20, 0x00, 0x00, 0x00, 0x00,
    0x00, 0x00, 0x00, 0x00, 0x00, 0x00, 0x00, 0x00, 0x00, 0x00, 0x00, 0x00,
    0x00, 0x00, 0x00, 0x00, 0x00, 0x00, 0x00, 0x00, 0x00, 0x00, 0x00, 0x00,
    0x00, 0x00, 0x00, 0x00, 0x00, 0x00, 0x00, 0x00, 0x00, 0x00, 0x00, 0x00,
    0x00, 0x00, 0x00, 0x00, 0x00, 0x00, 0x00, 0x00, 0x00, 0x00, 0x00, 0x00,
    0x00, 0x00, 0x00, 0x00, 0x00, 0x00, 0x00, 0x00, 0x00, 0x00, 0x00, 0x00,
    0x00, 0x00, 0x00, 0x00, 0x00, 0x00, 0x00, 0x00, 0x00, 0x00, 0x00, 0x00,
    0x00, 0x00, 0x00, 0x00, 0x00, 0x00, 0x00, 0x00, 0x00, 0x00, 0x00, 0x00,
    0x00, 0x00, 0x00, 0x00, 0x00, 0x00, 0x00, 0x00, 0x00, 0x00, 0x00, 0x00,
    0x00, 0x00, 0x00, 0x00, 0x00, 0x00, 0x00, 0x00, 0x00, 0x00, 0x00, 0x00,
    0x00, 0x00, 0x00, 0x00, 0x00, 0x00, 0x00, 0x00, 0x70, 0x70, 0x60, 0x10,
    0x70, 0x69, 0x63, 0xef, 0x70, 0x69, 0x63, 0xff, 0x70, 0x69, 0x63, 0xff,
    0x70, 0x69, 0x63, 0xff, 0x70, 0x69, 0x63, 0xff, 0x70, 0x69, 0x63, 0xff,
    0x71, 0x69, 0x63, 0x5f, 0x00, 0x00, 0x00, 0x00, 0x00, 0x00, 0x00, 0x00,
    0x00, 0x00, 0x00, 0x00, 0x00, 0x00, 0x00, 0x00, 0x00, 0x00, 0x00, 0x00,
    0x00, 0x00, 0x00, 0x00, 0x00, 0x00, 0x00, 0x00, 0x00, 0x00, 0x00, 0x00,
    0x00, 0x00, 0x00, 0x00, 0x00, 0x00, 0x00, 0x00, 0xc8, 0x97, 0x32, 0xdf,
    0xc8, 0x97, 0x32, 0xff, 0xc8, 0x97, 0x32, 0xff, 0xc8, 0x97, 0x32, 0xff,
    0xc8, 0x97, 0x32, 0xff, 0xc8, 0x97, 0x32, 0xff, 0xc8, 0x97, 0x32, 0xff,
    0xc8, 0x97, 0x32, 0xff, 0xc8, 0x97, 0x32, 0xff, 0xc8, 0x97, 0x32, 0xff,
    0xc8, 0x97, 0x32, 0xff, 0xc8, 0x97, 0x32, 0xff, 0xc8, 0x97, 0x32, 0xff,
    0xc8, 0x97, 0x32, 0xff, 0xc8, 0x97, 0x32, 0xff, 0xc8, 0x97, 0x32, 0xff,
    0xc8, 0x97, 0x32, 0xff, 0xc8, 0x97, 0x32, 0xff, 0xc8, 0x97, 0x32, 0xff,
    0xc8, 0x97, 0x32, 0xff, 0xc8, 0x97, 0x32, 0xff, 0xc9, 0x97, 0x30, 0x7f,
    0x00, 0x00, 0x00, 0x00, 0x00, 0x00, 0x00, 0x00, 0x00, 0x00, 0x00, 0x00,
    0x00, 0x00, 0x00, 0x00, 0x00, 0x00, 0x00, 0x00, 0x00, 0x00, 0x00, 0x00,
    0x00, 0x00, 0x00, 0x00, 0x00, 0x00, 0x00, 0x00, 0x00, 0x00, 0x00, 0x00,
    0x00, 0x00, 0x00, 0x00, 0x00, 0x00, 0x00, 0x00, 0x00, 0x00, 0x00, 0x00,
    0x00, 0x00, 0x00, 0x00, 0x00, 0x00, 0x00, 0x00, 0x00, 0x00, 0x00, 0x00,
    0x00, 0x00, 0x00, 0x00, 0x00, 0x00, 0x00, 0x00, 0x00, 0x00, 0x00, 0x00,
    0x00, 0x00, 0x00, 0x00, 0x00, 0x00, 0x00, 0x00, 0x00, 0x00, 0x00, 0x00,
    0x00, 0x00, 0x00, 0x00, 0x00, 0x00, 0x00, 0x00, 0x00, 0x00, 0x00, 0x00,
    0x00, 0x00, 0x00, 0x00, 0x00, 0x00, 0x00, 0x00, 0x00, 0x00, 0x00, 0x00,
    0x00, 0x00, 0x00, 0x00, 0x00, 0x00, 0x00, 0x00, 0x00, 0x00, 0x00, 0x00,
    0x00, 0x00, 0x00, 0x00, 0x00, 0x00, 0x00, 0x00, 0x70, 0x68, 0x62, 0x7f,
    0x70, 0x69, 0x63, 0xff, 0x70, 0x69, 0x63, 0xff, 0x70, 0x69, 0x63, 0xff,
    0x70, 0x69, 0x63, 0xff, 0x70, 0x69, 0x62, 0xdf, 0x00, 0x00, 0x00, 0x00,
    0x00, 0x00, 0x00, 0x00, 0x00, 0x00, 0x00, 0x00, 0x00, 0x00, 0x00, 0x00,
    0x00, 0x00, 0x00, 0x00, 0x00, 0x00, 0x00, 0x00, 0x00, 0x00, 0x00, 0x00,
    0x00, 0x00, 0x00, 0x00, 0x00, 0x00, 0x00, 0x00, 0x00, 0x00, 0x00, 0x00,
    0xc7, 0x97, 0x32, 0x60, 0xc8, 0x97, 0x32, 0xff, 0xc8, 0x97, 0x32, 0xff,
    0xc8, 0x97, 0x32, 0xff, 0xc8, 0x97, 0x32, 0xff, 0xc8, 0x97, 0x32, 0xff,
    0xc8, 0x97, 0x32, 0xff, 0xc8, 0x97, 0x32, 0xff, 0xc8, 0x97, 0x32, 0xff,
    0xc8, 0x97, 0x32, 0xff, 0xc8, 0x97, 0x32, 0xff, 0xc8, 0x97, 0x32, 0xff,
    0xc8, 0x97, 0x32, 0xff, 0xc8, 0x97, 0x32, 0xff, 0xc8, 0x97, 0x32, 0xff,
    0xc8, 0x97, 0x32, 0xff, 0xc8, 0x97, 0x32, 0xff, 0xc8, 0x97, 0x32, 0xff,
    0xc8, 0x97, 0x32, 0xff, 0xc8, 0x97, 0x32, 0xff, 0xc8, 0x97, 0x32, 0xff,
    0xc8, 0x97, 0x31, 0xdf, 0xc7, 0x97, 0x30, 0x20, 0x00, 0x00, 0x00, 0x00,
    0x00, 0x00, 0x00, 0x00, 0x00, 0x00, 0x00, 0x00, 0x00, 0x00, 0x00, 0x00,
    0x00, 0x00, 0x00, 0x00, 0x00, 0x00, 0x00, 0x00, 0x00, 0x00, 0x00, 0x00,
    0x00, 0x00, 0x00, 0x00, 0x00, 0x00, 0x00, 0x00, 0x00, 0x00, 0x00, 0x00,
    0x00, 0x00, 0x00, 0x00, 0x00, 0x00, 0x00, 0x00, 0x00, 0x00, 0x00, 0x00,
    0x00, 0x00, 0x00, 0x00, 0x00, 0x00, 0x00, 0x00, 0x00, 0x00, 0x00, 0x00,
    0x00, 0x00, 0x00, 0x00, 0x00, 0x00, 0x00, 0x00, 0x00, 0x00, 0x00, 0x00,
    0x00, 0x00, 0x00, 0x00, 0x00, 0x00, 0x00, 0x00, 0x00, 0x00, 0x00, 0x00,
    0x00, 0x00, 0x00, 0x00, 0x00, 0x00, 0x00, 0x00, 0x00, 0x00, 0x00, 0x00,
    0x00, 0x00, 0x00, 0x00, 0x00, 0x00, 0x00, 0x00, 0x00, 0x00, 0x00, 0x00,
    0x00, 0x00, 0x00, 0x00, 0x00, 0x00, 0x00, 0x00, 0x00, 0x00, 0x00, 0x00,
    0x00, 0x00, 0x00, 0x00, 0x70, 0x70, 0x60, 0x10, 0x70, 0x69, 0x62, 0xdf,
    0x70, 0x69, 0x63, 0xff, 0x70, 0x69, 0x63, 0xff, 0x70, 0x69, 0x63, 0xff,
    0x71, 0x69, 0x63, 0x5f, 0x00, 0x00, 0x00, 0x00, 0x00, 0x00, 0x00, 0x00,
    0x00, 0x00, 0x00, 0x00, 0x00, 0x00, 0x00, 0x00, 0x00, 0x00, 0x00, 0x00,
    0x00, 0x00, 0x00, 0x00, 0x00, 0x00, 0x00, 0x00, 0x00, 0x00, 0x00, 0x00,
    0x00, 0x00, 0x00, 0x00, 0x00, 0x00, 0x00, 0x00, 0xc8, 0x97, 0x32, 0xdf,
    0xc8, 0x97, 0x32, 0xff, 0xc8, 0x97, 0x32, 0xff, 0xc8, 0x97, 0x32, 0xff,
    0xc8, 0x97, 0x32, 0xff, 0xc8, 0x97, 0x32, 0xff, 0xc8, 0x97, 0x32, 0xff,
    0xc8, 0x97, 0x32, 0xff, 0xc8, 0x97, 0x32, 0xff, 0xc8, 0x97, 0x32, 0xff,
    0xc8, 0x97, 0x32, 0xff, 0xc8, 0x97, 0x32, 0xff, 0xc8, 0x97, 0x32, 0xff,
    0xc8, 0x97, 0x32, 0xff, 0xc8, 0x97, 0x32, 0xff, 0xc8, 0x97, 0x32, 0xff,
    0xc8, 0x97, 0x32, 0xff, 0xc8, 0x97, 0x32, 0xff, 0xc8, 0x97, 0x32, 0xff,
    0xc8, 0x97, 0x32, 0xff, 0xc8, 0x97, 0x32, 0xff, 0xc8, 0x98, 0x30, 0x6f,
    0x00, 0x00, 0x00, 0x00, 0x00, 0x00, 0x00, 0x00, 0x00, 0x00, 0x00, 0x00,
    0x00, 0x00, 0x00, 0x00, 0x00, 0x00, 0x00, 0x00, 0x00, 0x00, 0x00, 0x00,
    0x00, 0x00, 0x00, 0x00, 0x00, 0x00, 0x00, 0x00, 0x00, 0x00, 0x00, 0x00,
    0x00, 0x00, 0x00, 0x00, 0x00, 0x00, 0x00, 0x00, 0x00, 0x00, 0x00, 0x00,
    0x00, 0x00, 0x00, 0x00, 0x00, 0x00, 0x00, 0x00, 0x00, 0x00, 0x00, 0x00,
    0x00, 0x00, 0x00, 0x00, 0x00, 0x00, 0x00, 0x00, 0x00, 0x00, 0x00, 0x00,
    0x00, 0x00, 0x00, 0x00, 0x00, 0x00, 0x00, 0x00, 0x00, 0x00, 0x00, 0x00,
    0x00, 0x00, 0x00, 0x00, 0x00, 0x00, 0x00, 0x00, 0x00, 0x00, 0x00, 0x00,
    0x00, 0x00, 0x00, 0x00, 0x00, 0x00, 0x00, 0x00, 0x00, 0x00, 0x00, 0x00,
    0x00, 0x00, 0x00, 0x00, 0x00, 0x00, 0x00, 0x00, 0x00, 0x00, 0x00, 0x00,
    0x00, 0x00, 0x00, 0x00, 0x00, 0x00, 0x00, 0x00, 0x00, 0x00, 0x00, 0x00,
    0x00, 0x00, 0x00, 0x00, 0x70, 0x69, 0x63, 0x50, 0x70, 0x69, 0x63, 0xff,
    0x70, 0x69, 0x63, 0xff, 0x70, 0x68, 0x63, 0xbf, 0x00, 0x00, 0x00, 0x00,
    0x00, 0x00, 0x00, 0x00, 0x00, 0x00, 0x00, 0x00, 0x00, 0x00, 0x00, 0x00,
    0x00, 0x00, 0x00, 0x00, 0x00, 0x00, 0x00, 0x00, 0x00, 0x00, 0x00, 0x00,
    0x00, 0x00, 0x00, 0x00, 0x00, 0x00, 0x00, 0x00, 0x00, 0x00, 0x00, 0x00,
    0xc7, 0x97, 0x32, 0x60, 0xc8, 0x97, 0x32, 0xff, 0xc8, 0x97, 0x32, 0xff,
    0xc8, 0x97, 0x32, 0xff, 0xc8, 0x97, 0x32, 0xff, 0xc8, 0x97, 0x32, 0xff,
    0xc8, 0x97, 0x32, 0xff, 0xc8, 0x97, 0x32, 0xff, 0xc8, 0x97, 0x32, 0xff,
    0xc8, 0x97, 0x32, 0xff, 0xc8, 0x97, 0x32, 0xff, 0xc8, 0x97, 0x32, 0xff,
    0xc8, 0x97, 0x32, 0xff, 0xc8, 0x97, 0x32, 0xff, 0xc8, 0x97, 0x32, 0xff,
    0xc8, 0x97, 0x32, 0xff, 0xc8, 0x97, 0x32, 0xff, 0xc8, 0x97, 0x32, 0xff,
    0xc8, 0x97, 0x32, 0xff, 0xc8, 0x97, 0x32, 0xff, 0xc8, 0x97, 0x32, 0xff,
    0xc8, 0x97, 0x31, 0xdf, 0x00, 0x00, 0x00, 0x00, 0x00, 0x00, 0x00, 0x00,
    0x00, 0x00, 0x00, 0x00, 0x00, 0x00, 0x00, 0x00, 0x00, 0x00, 0x00, 0x00,
    0x00, 0x00, 0x00, 0x00, 0x00, 0x00, 0x00, 0x00, 0x00, 0x00, 0x00, 0x00,
    0x00, 0x00, 0x00, 0x00, 0x00, 0x00, 0x00, 0x00, 0x00, 0x00, 0x00, 0x00,
    0x00, 0x00, 0x00, 0x00, 0x00, 0x00, 0x00, 0x00, 0x00, 0x00, 0x00, 0x00,
    0x00, 0x00, 0x00, 0x00, 0x00, 0x00, 0x00, 0x00, 0x00, 0x00, 0x00, 0x00,
    0x00, 0x00, 0x00, 0x00, 0x00, 0x00, 0x00, 0x00, 0x00, 0x00, 0x00, 0x00,
    0x00, 0x00, 0x00, 0x00, 0x00, 0x00, 0x00, 0x00, 0x00, 0x00, 0x00, 0x00,
    0x00, 0x00, 0x00, 0x00, 0x00, 0x00, 0x00, 0x00, 0x00, 0x00, 0x00, 0x00,
    0x00, 0x00, 0x00, 0x00, 0x00, 0x00, 0x00, 0x00, 0x00, 0x00, 0x00, 0x00,
    0x00, 0x00, 0x00, 0x00, 0x00, 0x00, 0x00, 0x00, 0x00, 0x00, 0x00, 0x00,
    0x00, 0x00, 0x00, 0x00, 0x00, 0x00, 0x00, 0x00, 0x00, 0x00, 0x00, 0x00,
    0x00, 0x00, 0x00, 0x00, 0x70, 0x68, 0x60, 0x20, 0x70, 0x65, 0x60, 0x30,
    0x00, 0x00, 0x00, 0x00, 0x00, 0x00, 0x00, 0x00, 0x00, 0x00, 0x00, 0x00,
    0x00, 0x00, 0x00, 0x00, 0x00, 0x00, 0x00, 0x00, 0x00, 0x00, 0x00, 0x00,
    0x00, 0x00, 0x00, 0x00, 0x00, 0x00, 0x00, 0x00, 0x00, 0x00, 0x00, 0x00,
    0x00, 0x00, 0x00, 0x00, 0x00, 0x00, 0x00, 0x00, 0xc8, 0x97, 0x32, 0xdf,
    0xc8, 0x97, 0x32, 0xff, 0xc8, 0x97, 0x32, 0xff, 0xc8, 0x97, 0x32, 0xff,
    0xc8, 0x97, 0x32, 0xff, 0xc8, 0x97, 0x32, 0xff, 0xc8, 0x97, 0x32, 0xff,
    0xc8, 0x97, 0x32, 0xff, 0xc8, 0x97, 0x32, 0xff, 0xc8, 0x97, 0x32, 0xff,
    0xc8, 0x97, 0x32, 0xff, 0xc8, 0x97, 0x32, 0xff, 0xc8, 0x97, 0x32, 0xff,
    0xc8, 0x97, 0x32, 0xff, 0xc8, 0x97, 0x32, 0xff, 0xc8, 0x97, 0x32, 0xff,
    0xc8, 0x97, 0x32, 0xff, 0xc8, 0x97, 0x32, 0xff, 0xc8, 0x97, 0x32, 0xff,
    0xc8, 0x97, 0x32, 0xff, 0xc8, 0x97, 0x32, 0xff, 0xc9, 0x96, 0x30, 0x5f,
    0x00, 0x00, 0x00, 0x00, 0x00, 0x00, 0x00, 0x00, 0x00, 0x00, 0x00, 0x00,
    0x00, 0x00, 0x00, 0x00, 0x00, 0x00, 0x00, 0x00, 0x00, 0x00, 0x00, 0x00,
    0x00, 0x00, 0x00, 0x00, 0x00, 0x00, 0x00, 0x00, 0x00, 0x00, 0x00, 0x00,
    0x00, 0x00, 0x00, 0x00, 0x00, 0x00, 0x00, 0x00, 0x00, 0x00, 0x00, 0x00,
    0x00, 0x00, 0x00, 0x00, 0x00, 0x00, 0x00, 0x00, 0x00, 0x00, 0x00, 0x00,
    0x00, 0x00, 0x00, 0x00, 0x00, 0x00, 0x00, 0x00, 0x00, 0x00, 0x00, 0x00,
    0x00, 0x00, 0x00, 0x00, 0x00, 0x00, 0x00, 0x00, 0x00, 0x00, 0x00, 0x00,
    0x00, 0x00, 0x00, 0x00, 0x00, 0x00, 0x00, 0x00, 0x00, 0x00, 0x00, 0x00,
    0x00, 0x00, 0x00, 0x00, 0x00, 0x00, 0x00, 0x00, 0x00, 0x00, 0x00, 0x00,
    0x00, 0x00, 0x00, 0x00, 0x00, 0x00, 0x00, 0x00, 0x00, 0x00, 0x00, 0x00,
    0x00, 0x00, 0x00, 0x00, 0x00, 0x00, 0x00, 0x00, 0x00, 0x00, 0x00, 0x00,
    0x00, 0x00, 0x00, 0x00, 0x00, 0x00, 0x00, 0x00, 0x00, 0x00, 0x00, 0x00,
    0x00, 0x00, 0x00, 0x00, 0x00, 0x00, 0x00, 0x00, 0x00, 0x00, 0x00, 0x00,
    0x00, 0x00, 0x00, 0x00, 0x00, 0x00, 0x00, 0x00, 0x00, 0x00, 0x00, 0x00,
    0x00, 0x00, 0x00, 0x00, 0x00, 0x00, 0x00, 0x00, 0x00, 0x00, 0x00, 0x00,
    0x00, 0x00, 0x00, 0x00, 0x00, 0x00, 0x00, 0x00, 0x00, 0x00, 0x00, 0x00,
    0xc7, 0x97, 0x32, 0x80, 0xc8, 0x97, 0x32, 0xff, 0xc8, 0x97, 0x32, 0xff,
    0xc8, 0x97, 0x32, 0xff, 0xc8, 0x97, 0x32, 0xff, 0xc8, 0x97, 0x32, 0xff,
    0xc8, 0x97, 0x32, 0xff, 0xc8, 0x97, 0x32, 0xff, 0xc8, 0x97, 0x32, 0xff,
    0xc8, 0x97, 0x32, 0xff, 0xc8, 0x97, 0x32, 0xff, 0xc8, 0x97, 0x32, 0xff,
    0xc8, 0x97, 0x32, 0xff, 0xc8, 0x97, 0x32, 0xff, 0xc8, 0x97, 0x32, 0xff,
    0xc8, 0x97, 0x32, 0xff, 0xc8, 0x97, 0x32, 0xff, 0xc8, 0x97, 0x32, 0xff,
    0xc8, 0x97, 0x32, 0xff, 0xc8, 0x97, 0x32, 0xff, 0xc8, 0x97, 0x32, 0xff,
    0xc8, 0x97, 0x31, 0xdf, 0x00, 0x00, 0x00, 0x00, 0x00, 0x00, 0x00, 0x00,
    0x00, 0x00, 0x00, 0x00, 0x00, 0x00, 0x00, 0x00, 0x00, 0x00, 0x00, 0x00,
    0x00, 0x00, 0x00, 0x00, 0x00, 0x00, 0x00, 0x00, 0x00, 0x00, 0x00, 0x00,
    0x00, 0x00, 0x00, 0x00, 0x00, 0x00, 0x00, 0x00, 0x00, 0x00, 0x00, 0x00,
    0x00, 0x00, 0x00, 0x00, 0x00, 0x00, 0x00, 0x00, 0x00, 0x00, 0x00, 0x00,
    0x00, 0x00, 0x00, 0x00, 0x00, 0x00, 0x00, 0x00, 0x00, 0x00, 0x00, 0x00,
    0x00, 0x00, 0x00, 0x00, 0x00, 0x00, 0x00, 0x00, 0x00, 0x00, 0x00, 0x00,
    0x00, 0x00, 0x00, 0x00, 0x00, 0x00, 0x00, 0x00, 0x00, 0x00, 0x00, 0x00,
    0x00, 0x00, 0x00, 0x00, 0x00, 0x00, 0x00, 0x00, 0x00, 0x00, 0x00, 0x00,
    0x00, 0x00, 0x00, 0x00, 0x00, 0x00, 0x00, 0x00, 0x00, 0x00, 0x00, 0x00,
    0x00, 0x00, 0x00, 0x00, 0x00, 0x00, 0x00, 0x00, 0x00, 0x00, 0x00, 0x00,
    0x00, 0x00, 0x00, 0x00, 0x00, 0x00, 0x00, 0x00, 0x00, 0x00, 0x00, 0x00,
    0x00, 0x00, 0x00, 0x00, 0x00, 0x00, 0x00, 0x00, 0x00, 0x00, 0x00, 0x00,
    0x00, 0x00, 0x00, 0x00, 0x00, 0x00, 0x00, 0x00, 0x00, 0x00, 0x00, 0x00,
    0x00, 0x00, 0x00, 0x00, 0x00, 0x00, 0x00, 0x00, 0x00, 0x00, 0x00, 0x00,
    0x00, 0x00, 0x00, 0x00, 0x00, 0x00, 0x00, 0x00, 0x00, 0x00, 0x00, 0x00,
    0x00, 0x00, 0x00, 0x00, 0xc7, 0x97, 0x30, 0x20, 0xc8, 0x97, 0x32, 0xdf,
    0xc8, 0x97, 0x32, 0xff, 0xc8, 0x97, 0x32, 0xff, 0xc8, 0x97, 0x32, 0xff,
    0xc8, 0x97, 0x32, 0xff, 0xc8, 0x97, 0x32, 0xff, 0xc8, 0x97, 0x32, 0xff,
    0xc8, 0x97, 0x32, 0xff, 0xc8, 0x97, 0x32, 0xff, 0xc8, 0x97, 0x32, 0xff,
    0xc8, 0x97, 0x32, 0xff, 0xc8, 0x97, 0x32, 0xff, 0xc8, 0x97, 0x32, 0xff,
    0xc8, 0x97, 0x32, 0xff, 0xc8, 0x97, 0x32, 0xff, 0xc8, 0x97, 0x32, 0xff,
    0xc8, 0x97, 0x32, 0xff, 0xc8, 0x97, 0x32, 0xff, 0xc8, 0x97, 0x32, 0xff,
    0xc8, 0x97, 0x32, 0xff, 0xc8, 0x97, 0x32, 0xff, 0xc9, 0x96, 0x30, 0x5f,
    0x00, 0x00, 0x00, 0x00, 0x00, 0x00, 0x00, 0x00, 0x00, 0x00, 0x00, 0x00,
    0x00, 0x00, 0x00, 0x00, 0x00, 0x00, 0x00, 0x00, 0x00, 0x00, 0x00, 0x00,
    0x00, 0x00, 0x00, 0x00, 0x00, 0x00, 0x00, 0x00, 0x00, 0x00, 0x00, 0x00,
    0x00, 0x00, 0x00, 0x00, 0x00, 0x00, 0x00, 0x00, 0x00, 0x00, 0x00, 0x00,
    0x00, 0x00, 0x00, 0x00, 0x00, 0x00, 0x00, 0x00, 0x00, 0x00, 0x00, 0x00,
    0x00, 0x00, 0x00, 0x00, 0x00, 0x00, 0x00, 0x00, 0x00, 0x00, 0x00, 0x00,
    0x00, 0x00, 0x00, 0x00, 0x00, 0x00, 0x00, 0x00, 0x00, 0x00, 0x00, 0x00,
    0x00, 0x00, 0x00, 0x00, 0x00, 0x00, 0x00, 0x00, 0x00, 0x00, 0x00, 0x00,
    0x00, 0x00, 0x00, 0x00, 0x00, 0x00, 0x00, 0x00, 0x00, 0x00, 0x00, 0x00,
    0x00, 0x00, 0x00, 0x00, 0x00, 0x00, 0x00, 0x00, 0x00, 0x00, 0x00, 0x00,
    0x00, 0x00, 0x00, 0x00, 0x00, 0x00, 0x00, 0x00, 0x00, 0x00, 0x00, 0x00,
    0x00, 0x00, 0x00, 0x00, 0x00, 0x00, 0x00, 0x00, 0x00, 0x00, 0x00, 0x00,
    0x00, 0x00, 0x00, 0x00, 0x00, 0x00, 0x00, 0x00, 0x00, 0x00, 0x00, 0x00,
    0x00, 0x00, 0x00, 0x00, 0x00, 0x00, 0x00, 0x00, 0x00, 0x00, 0x00, 0x00,
    0x00, 0x00, 0x00, 0x00, 0x00, 0x00, 0x00, 0x00, 0x00, 0x00, 0x00, 0x00,
    0x00, 0x00, 0x00, 0x00, 0x00, 0x00, 0x00, 0x00, 0x00, 0x00, 0x00, 0x00,
    0xc8, 0x96, 0x32, 0x90, 0xc8, 0x97, 0x32, 0xff, 0xc8, 0x97, 0x32, 0xff,
    0xc8, 0x97, 0x32, 0xff, 0xc8, 0x97, 0x32, 0xff, 0xc8, 0x97, 0x32, 0xff,
    0xc8, 0x97, 0x32, 0xff, 0xc8, 0x97, 0x32, 0xff, 0xc8, 0x97, 0x32, 0xff,
    0xc8, 0x97, 0x32, 0xff, 0xc8, 0x97, 0x32, 0xff, 0xc8, 0x97, 0x32, 0xff,
    0xc8, 0x97, 0x32, 0xff, 0xc8, 0x97, 0x32, 0xff, 0xc8, 0x97, 0x32, 0xff,
    0xc8, 0x97, 0x32, 0xff, 0xc8, 0x97, 0x32, 0xff, 0xc8, 0x97, 0x32, 0xff,
    0xc8, 0x97, 0x32, 0xff, 0xc8, 0x97, 0x32, 0xff, 0xc8, 0x97, 0x32, 0xff,
    0xc9, 0x97, 0x31, 0xcf, 0x00, 0x00, 0x00, 0x00, 0x00, 0x00, 0x00, 0x00,
    0x00, 0x00, 0x00, 0x00, 0x00, 0x00, 0x00, 0x00, 0x00, 0x00, 0x00, 0x00,
    0x00, 0x00, 0x00, 0x00, 0x00, 0x00, 0x00, 0x00, 0x00, 0x00, 0x00, 0x00,
    0x00, 0x00, 0x00, 0x00, 0x00, 0x00, 0x00, 0x00, 0x00, 0x00, 0x00, 0x00,
    0x00, 0x00, 0x00, 0x00, 0x00, 0x00, 0x00, 0x00, 0x00, 0x00, 0x00, 0x00,
    0x00, 0x00, 0x00, 0x00, 0x00, 0x00, 0x00, 0x00, 0x00, 0x00, 0x00, 0x00,
    0x00, 0x00, 0x00, 0x00, 0x00, 0x00, 0x00, 0x00, 0x00, 0x00, 0x00, 0x00,
    0x00, 0x00, 0x00, 0x00, 0x00, 0x00, 0x00, 0x00, 0x00, 0x00, 0x00, 0x00,
    0x00, 0x00, 0x00, 0x00, 0x00, 0x00, 0x00, 0x00, 0x00, 0x00, 0x00, 0x00,
    0x00, 0x00, 0x00, 0x00, 0x00, 0x00, 0x00, 0x00, 0x00, 0x00, 0x00, 0x00,
    0x00, 0x00, 0x00, 0x00, 0x00, 0x00, 0x00, 0x00, 0x00, 0x00, 0x00, 0x00,
    0x00, 0x00, 0x00, 0x00, 0x00, 0x00, 0x00, 0x00, 0x00, 0x00, 0x00, 0x00,
    0x00, 0x00, 0x00, 0x00, 0x00, 0x00, 0x00, 0x00, 0x00, 0x00, 0x00, 0x00,
    0x00, 0x00, 0x00, 0x00, 0x00, 0x00, 0x00, 0x00, 0x00, 0x00, 0x00, 0x00,
    0x00, 0x00, 0x00, 0x00, 0x00, 0x00, 0x00, 0x00, 0x00, 0x00, 0x00, 0x00,
    0x00, 0x00, 0x00, 0x00, 0x00, 0x00, 0x00, 0x00, 0x00, 0x00, 0x00, 0x00,
    0x00, 0x00, 0x00, 0x00, 0xc7, 0x97, 0x30, 0x20, 0xc8, 0x97, 0x32, 0xff,
    0xc8, 0x97, 0x32, 0xff, 0xc8, 0x97, 0x32, 0xff, 0xc8, 0x97, 0x32, 0xff,
    0xc8, 0x97, 0x32, 0xff, 0xc8, 0x97, 0x32, 0xff, 0xc8, 0x97, 0x32, 0xff,
    0xc8, 0x97, 0x32, 0xff, 0xc8, 0x97, 0x32, 0xff, 0xc8, 0x97, 0x32, 0xff,
    0xc8, 0x97, 0x32, 0xff, 0xc8, 0x97, 0x32, 0xff, 0xc8, 0x97, 0x32, 0xff,
    0xc8, 0x97, 0x32, 0xff, 0xc8, 0x97, 0x32, 0xff, 0xc8, 0x97, 0x32, 0xff,
    0xc8, 0x97, 0x32, 0xff, 0xc8, 0x97, 0x32, 0xff, 0xc8, 0x97, 0x32, 0xff,
    0xc8, 0x97, 0x32, 0xff, 0xc8, 0x97, 0x32, 0xff, 0xca, 0x96, 0x31, 0x3f,
    0x00, 0x00, 0x00, 0x00, 0x00, 0x00, 0x00, 0x00, 0x00, 0x00, 0x00, 0x00,
    0x00, 0x00, 0x00, 0x00, 0x00, 0x00, 0x00, 0x00, 0x00, 0x00, 0x00, 0x00,
    0x00, 0x00, 0x00, 0x00, 0x00, 0x00, 0x00, 0x00, 0x00, 0x00, 0x00, 0x00,
    0x00, 0x00, 0x00, 0x00, 0x00, 0x00, 0x00, 0x00, 0x00, 0x00, 0x00, 0x00,
    0x00, 0x00, 0x00, 0x00, 0x00, 0x00, 0x00, 0x00, 0x00, 0x00, 0x00, 0x00,
    0x00, 0x00, 0x00, 0x00, 0x00, 0x00, 0x00, 0x00, 0x00, 0x00, 0x00, 0x00,
    0x00, 0x00, 0x00, 0x00, 0x00, 0x00, 0x00, 0x00, 0x00, 0x00, 0x00, 0x00,
    0x00, 0x00, 0x00, 0x00, 0x00, 0x00, 0x00, 0x00, 0x00, 0x00, 0x00, 0x00,
    0x00, 0x00, 0x00, 0x00, 0x00, 0x00, 0x00, 0x00, 0x00, 0x00, 0x00, 0x00,
    0x00, 0x00, 0x00, 0x00, 0x00, 0x00, 0x00, 0x00, 0x00, 0x00, 0x00, 0x00,
    0x00, 0x00, 0x00, 0x00, 0x00, 0x00, 0x00, 0x00, 0x00, 0x00, 0x00, 0x00,
    0x00, 0x00, 0x00, 0x00, 0x00, 0x00, 0x00, 0x00, 0x00, 0x00, 0x00, 0x00,
    0x00, 0x00, 0x00, 0x00, 0x00, 0x00, 0x00, 0x00, 0x00, 0x00, 0x00, 0x00,
    0x00, 0x00, 0x00, 0x00, 0x00, 0x00, 0x00, 0x00, 0x00, 0x00, 0x00, 0x00,
    0x00, 0x00, 0x00, 0x00, 0x00, 0x00, 0x00, 0x00, 0x00, 0x00, 0x00, 0x00,
    0x00, 0x00, 0x00, 0x00, 0x00, 0x00, 0x00, 0x00, 0x00, 0x00, 0x00, 0x00,
    0xc8, 0x97, 0x32, 0x9f, 0xc8, 0x97, 0x32, 0xff, 0xc8, 0x97, 0x32, 0xff,
    0xc8, 0x97, 0x32, 0xff, 0xc8, 0x97, 0x32, 0xff, 0xc8, 0x97, 0x32, 0xff,
    0xc8, 0x97, 0x32, 0xff, 0xc8, 0x97, 0x32, 0xff, 0xc8, 0x97, 0x32, 0xff,
    0xc8, 0x97, 0x32, 0xff, 0xc8, 0x97, 0x32, 0xff, 0xc8, 0x97, 0x32, 0xff,
    0xc8, 0x97, 0x32, 0xff, 0xc8, 0x97, 0x32, 0xff, 0xc8, 0x97, 0x32, 0xff,
    0xc8, 0x97, 0x32, 0xff, 0xc8, 0x97, 0x32, 0xff, 0xc8, 0x97, 0x32, 0xff,
    0xc8, 0x97, 0x32, 0xff, 0xc8, 0x97, 0x32, 0xff, 0xc8, 0x97, 0x32, 0xff,
    0xc8, 0x97, 0x32, 0x9f, 0x00, 0x00, 0x00, 0x00, 0x00, 0x00, 0x00, 0x00,
    0x00, 0x00, 0x00, 0x00, 0x00, 0x00, 0x00, 0x00, 0x00, 0x00, 0x00, 0x00,
    0x00, 0x00, 0x00, 0x00, 0x00, 0x00, 0x00, 0x00, 0x00, 0x00, 0x00, 0x00,
    0x00, 0x00, 0x00, 0x00, 0x00, 0x00, 0x00, 0x00, 0x00, 0x00, 0x00, 0x00,
    0x00, 0x00, 0x00, 0x00, 0x00, 0x00, 0x00, 0x00, 0x00, 0x00, 0x00, 0x00,
    0x00, 0x00, 0x00, 0x00, 0x00, 0x00, 0x00, 0x00, 0x00, 0x00, 0x00, 0x00,
    0x00, 0x00, 0x00, 0x00, 0x00, 0x00, 0x00, 0x00, 0x00, 0x00, 0x00, 0x00,
    0x00, 0x00, 0x00, 0x00, 0x00, 0x00, 0x00, 0x00, 0x00, 0x00, 0x00, 0x00,
    0x00, 0x00, 0x00, 0x00, 0x00, 0x00, 0x00, 0x00, 0x00, 0x00, 0x00, 0x00,
    0x00, 0x00, 0x00, 0x00, 0x00, 0x00, 0x00, 0x00, 0x00, 0x00, 0x00, 0x00,
    0x00, 0x00, 0x00, 0x00, 0x00, 0x00, 0x00, 0x00, 0x00, 0x00, 0x00, 0x00,
    0x00, 0x00, 0x00, 0x00, 0x00, 0x00, 0x00, 0x00, 0x00, 0x00, 0x00, 0x00,
    0x00, 0x00, 0x00, 0x00, 0x00, 0x00, 0x00, 0x00, 0x00, 0x00, 0x00, 0x00,
    0x00, 0x00, 0x00, 0x00, 0x00, 0x00, 0x00, 0x00, 0x00, 0x00, 0x00, 0x00,
    0x00, 0x00, 0x00, 0x00, 0x00, 0x00, 0x00, 0x00, 0x00, 0x00, 0x00, 0x00,
    0x00, 0x00, 0x00, 0x00, 0x00, 0x00, 0x00, 0x00, 0x00, 0x00, 0x00, 0x00,
    0x00, 0x00, 0x00, 0x00, 0xc7, 0x97, 0x30, 0x20, 0xc8, 0x97, 0x32, 0xff,
    0xc8, 0x97, 0x32, 0xff, 0xc8, 0x97, 0x32, 0xff, 0xc8, 0x97, 0x32, 0xff,
    0xc8, 0x97, 0x32, 0xff, 0xc8, 0x97, 0x32, 0xff, 0xc8, 0x97, 0x32, 0xff,
    0xc8, 0x97, 0x32, 0xff, 0xc8, 0x97, 0x32, 0xff, 0xc8, 0x97, 0x32, 0xff,
    0xc8, 0x97, 0x32, 0xff, 0xc8, 0x97, 0x32, 0xff, 0xc8, 0x97, 0x32, 0xff,
    0xc8, 0x97, 0x32, 0xff, 0xc8, 0x97, 0x32, 0xff, 0xc8, 0x97, 0x32, 0xff,
    0xc8, 0x97, 0x32, 0xff, 0xc8, 0x97, 0x32, 0xff, 0xc8, 0x97, 0x32, 0xff,
    0xc8, 0x97, 0x32, 0xff, 0xc8, 0x97, 0x32, 0xff, 0xc7, 0x97, 0x30, 0x20,
    0x00, 0x00, 0x00, 0x00, 0x00, 0x00, 0x00, 0x00, 0x00, 0x00, 0x00, 0x00,
    0x00, 0x00, 0x00, 0x00, 0x00, 0x00, 0x00, 0x00, 0x00, 0x00, 0x00, 0x00,
    0x00, 0x00, 0x00, 0x00, 0x00, 0x00, 0x00, 0x00, 0x00, 0x00, 0x00, 0x00,
    0x00, 0x00, 0x00, 0x00, 0x00, 0x00, 0x00, 0x00, 0x00, 0x00, 0x00, 0x00,
    0x00, 0x00, 0x00, 0x00, 0x00, 0x00, 0x00, 0x00, 0x00, 0x00, 0x00, 0x00,
    0x00, 0x00, 0x00, 0x00, 0x00, 0x00, 0x00, 0x00, 0x00, 0x00, 0x00, 0x00,
    0x00, 0x00, 0x00, 0x00, 0x00, 0x00, 0x00, 0x00, 0x00, 0x00, 0x00, 0x00,
    0x00, 0x00, 0x00, 0x00, 0x00, 0x00, 0x00, 0x00, 0x00, 0x00, 0x00, 0x00,
    0x00, 0x00, 0x00, 0x00, 0x00, 0x00, 0x00, 0x00, 0x00, 0x00, 0x00, 0x00,
    0x00, 0x00, 0x00, 0x00, 0x00, 0x00, 0x00, 0x00, 0x00, 0x00, 0x00, 0x00,
    0x00, 0x00, 0x00, 0x00, 0x00, 0x00, 0x00, 0x00, 0x00, 0x00, 0x00, 0x00,
    0x00, 0x00, 0x00, 0x00, 0x00, 0x00, 0x00, 0x00, 0x00, 0x00, 0x00, 0x00,
    0x00, 0x00, 0x00, 0x00, 0x00, 0x00, 0x00, 0x00, 0x00, 0x00, 0x00, 0x00,
    0x00, 0x00, 0x00, 0x00, 0x00, 0x00, 0x00, 0x00, 0x00, 0x00, 0x00, 0x00,
    0x00, 0x00, 0x00, 0x00, 0x00, 0x00, 0x00, 0x00, 0x00, 0x00, 0x00, 0x00,
    0x00, 0x00, 0x00, 0x00, 0x00, 0x00, 0x00, 0x00, 0x00, 0x00, 0x00, 0x00,
    0xc8, 0x97, 0x32, 0x9f, 0xc8, 0x97, 0x32, 0xff, 0xc8, 0x97, 0x32, 0xff,
    0xc8, 0x97, 0x32, 0xff, 0xc8, 0x97, 0x32, 0xff, 0xc8, 0x97, 0x32, 0xff,
    0xc8, 0x97, 0x32, 0xff, 0xc8, 0x97, 0x32, 0xff, 0xc8, 0x97, 0x32, 0xff,
    0xc8, 0x97, 0x32, 0xff, 0xc8, 0x97, 0x32, 0xff, 0xc8, 0x97, 0x32, 0xff,
    0xc8, 0x97, 0x32, 0xff, 0xc8, 0x97, 0x32, 0xff, 0xc8, 0x97, 0x32, 0xff,
    0xc8, 0x97, 0x32, 0xff, 0xc8, 0x97, 0x32, 0xff, 0xc8, 0x97, 0x32, 0xff,
    0xc8, 0x97, 0x32, 0xff, 0xc8, 0x97, 0x32, 0xff, 0xc8, 0x97, 0x32, 0xff,
    0xc8, 0x97, 0x32, 0x9f, 0x00, 0x00, 0x00, 0x00, 0x00, 0x00, 0x00, 0x00,
    0x00, 0x00, 0x00, 0x00, 0x00, 0x00, 0x00, 0x00, 0x00, 0x00, 0x00, 0x00,
    0x00, 0x00, 0x00, 0x00, 0x00, 0x00, 0x00, 0x00, 0x00, 0x00, 0x00, 0x00,
    0x00, 0x00, 0x00, 0x00, 0x00, 0x00, 0x00, 0x00, 0x00, 0x00, 0x00, 0x00,
    0x00, 0x00, 0x00, 0x00, 0x00, 0x00, 0x00, 0x00, 0x00, 0x00, 0x00, 0x00,
    0x00, 0x00, 0x00, 0x00, 0x00, 0x00, 0x00, 0x00, 0x00, 0x00, 0x00, 0x00,
    0x00, 0x00, 0x00, 0x00, 0x00, 0x00, 0x00, 0x00, 0x00, 0x00, 0x00, 0x00,
    0x00, 0x00, 0x00, 0x00, 0x00, 0x00, 0x00, 0x00, 0x00, 0x00, 0x00, 0x00,
    0x00, 0x00, 0x00, 0x00, 0x00, 0x00, 0x00, 0x00, 0x00, 0x00, 0x00, 0x00,
    0x00, 0x00, 0x00, 0x00, 0x00, 0x00, 0x00, 0x00, 0x00, 0x00, 0x00, 0x00,
    0x00, 0x00, 0x00, 0x00, 0x00, 0x00, 0x00, 0x00, 0x00, 0x00, 0x00, 0x00,
    0x00, 0x00, 0x00, 0x00, 0x00, 0x00, 0x00, 0x00, 0x00, 0x00, 0x00, 0x00,
    0x00, 0x00, 0x00, 0x00, 0x00, 0x00, 0x00, 0x00, 0x00, 0x00, 0x00, 0x00,
    0x00, 0x00, 0x00, 0x00, 0x00, 0x00, 0x00, 0x00, 0x00, 0x00, 0x00, 0x00,
    0x00, 0x00, 0x00, 0x00, 0x00, 0x00, 0x00, 0x00, 0x00, 0x00, 0x00, 0x00,
    0x00, 0x00, 0x00, 0x00, 0x00, 0x00, 0x00, 0x00, 0x00, 0x00, 0x00, 0x00,
    0x00, 0x00, 0x00, 0x00, 0xc5, 0x95, 0x35, 0x30, 0xc8, 0x97, 0x32, 0xff,
    0xc8, 0x97, 0x32, 0xff, 0xc8, 0x97, 0x32, 0xff, 0xc8, 0x97, 0x32, 0xff,
    0xc8, 0x97, 0x32, 0xff, 0xc8, 0x97, 0x32, 0xff, 0xc8, 0x97, 0x32, 0xff,
    0xc8, 0x97, 0x32, 0xff, 0xc8, 0x97, 0x32, 0xff, 0xc8, 0x97, 0x32, 0xff,
    0xc8, 0x97, 0x32, 0xff, 0xc8, 0x97, 0x32, 0xff, 0xc8, 0x97, 0x32, 0xff,
    0xc8, 0x97, 0x32, 0xff, 0xc8, 0x97, 0x32, 0xff, 0xc8, 0x97, 0x32, 0xff,
    0xc8, 0x97, 0x32, 0xff, 0xc8, 0x97, 0x32, 0xff, 0xc8, 0x97, 0x32, 0xff,
    0xc8, 0x97, 0x32, 0xff, 0xc8, 0x97, 0x32, 0xff, 0xc7, 0x97, 0x30, 0x20,
    0x00, 0x00, 0x00, 0x00, 0x00, 0x00, 0x00, 0x00, 0x00, 0x00, 0x00, 0x00,
    0x00, 0x00, 0x00, 0x00, 0x00, 0x00, 0x00, 0x00, 0x00, 0x00, 0x00, 0x00,
    0x00, 0x00, 0x00, 0x00, 0x00, 0x00, 0x00, 0x00, 0x00, 0x00, 0x00, 0x00,
    0x00, 0x00, 0x00, 0x00, 0x00, 0x00, 0x00, 0x00, 0x00, 0x00, 0x00, 0x00,
    0x00, 0x00, 0x00, 0x00, 0x00, 0x00, 0x00, 0x00, 0x00, 0x00, 0x00, 0x00,
    0x00, 0x00, 0x00, 0x00, 0x00, 0x00, 0x00, 0x00, 0x00, 0x00, 0x00, 0x00,
    0x00, 0x00, 0x00, 0x00, 0x00, 0x00, 0x00, 0x00, 0x00, 0x00, 0x00, 0x00,
    0x00, 0x00, 0x00, 0x00, 0x00, 0x00, 0x00, 0x00, 0x00, 0x00, 0x00, 0x00,
    0x00, 0x00, 0x00, 0x00, 0x00, 0x00, 0x00, 0x00, 0x00, 0x00, 0x00, 0x00,
    0x00, 0x00, 0x00, 0x00, 0x00, 0x00, 0x00, 0x00, 0x00, 0x00, 0x00, 0x00,
    0x00, 0x00, 0x00, 0x00, 0x00, 0x00, 0x00, 0x00, 0x00, 0x00, 0x00, 0x00,
    0x00, 0x00, 0x00, 0x00, 0x00, 0x00, 0x00, 0x00, 0x00, 0x00, 0x00, 0x00,
    0x00, 0x00, 0x00, 0x00, 0x00, 0x00, 0x00, 0x00, 0x00, 0x00, 0x00, 0x00,
    0x00, 0x00, 0x00, 0x00, 0x00, 0x00, 0x00, 0x00, 0x00, 0x00, 0x00, 0x00,
    0x00, 0x00, 0x00, 0x00, 0x00, 0x00, 0x00, 0x00, 0x00, 0x00, 0x00, 0x00,
    0x00, 0x00, 0x00, 0x00, 0x00, 0x00, 0x00, 0x00, 0x00, 0x00, 0x00, 0x00,
    0xc8, 0x97, 0x33, 0xbf, 0xc8, 0x97, 0x32, 0xff, 0xc8, 0x97, 0x32, 0xff,
    0xc8, 0x97, 0x32, 0xff, 0xc8, 0x97, 0x32, 0xff, 0xc8, 0x97, 0x32, 0xff,
    0xc8, 0x97, 0x32, 0xff, 0xc8, 0x97, 0x32, 0xff, 0xc8, 0x97, 0x32, 0xff,
    0xc8, 0x97, 0x32, 0xff, 0xc8, 0x97, 0x32, 0xff, 0xc8, 0x97, 0x32, 0xff,
    0xc8, 0x97, 0x32, 0xff, 0xc8, 0x97, 0x32, 0xff, 0xc8, 0x97, 0x32, 0xff,
    0xc8, 0x97, 0x32, 0xff, 0xc8, 0x97, 0x32, 0xff, 0xc8, 0x97, 0x32, 0xff,
    0xc8, 0x97, 0x32, 0xff, 0xc8, 0x97, 0x32, 0xff, 0xc8, 0x97, 0x32, 0xff,
    0xc8, 0x97, 0x32, 0x9f, 0x00, 0x00, 0x00, 0x00, 0x00, 0x00, 0x00, 0x00,
    0x00, 0x00, 0x00, 0x00, 0x00, 0x00, 0x00, 0x00, 0x00, 0x00, 0x00, 0x00,
    0x00, 0x00, 0x00, 0x00, 0x00, 0x00, 0x00, 0x00, 0x00, 0x00, 0x00, 0x00,
    0x00, 0x00, 0x00, 0x00, 0x00, 0x00, 0x00, 0x00, 0x00, 0x00, 0x00, 0x00,
    0x00, 0x00, 0x00, 0x00, 0x00, 0x00, 0x00, 0x00, 0x00, 0x00, 0x00, 0x00,
    0x00, 0x00, 0x00, 0x00, 0x00, 0x00, 0x00, 0x00, 0x00, 0x00, 0x00, 0x00,
    0x00, 0x00, 0x00, 0x00, 0x00, 0x00, 0x00, 0x00, 0x00, 0x00, 0x00, 0x00,
    0x00, 0x00, 0x00, 0x00, 0x00, 0x00, 0x00, 0x00, 0x00, 0x00, 0x00, 0x00,
    0x00, 0x00, 0x00, 0x00, 0x00, 0x00, 0x00, 0x00, 0x00, 0x00, 0x00, 0x00,
    0x00, 0x00, 0x00, 0x00, 0x00, 0x00, 0x00, 0x00, 0x00, 0x00, 0x00, 0x00,
    0x00, 0x00, 0x00, 0x00, 0x00, 0x00, 0x00, 0x00, 0x00, 0x00, 0x00, 0x00,
    0x00, 0x00, 0x00, 0x00, 0x00, 0x00, 0x00, 0x00, 0x00, 0x00, 0x00, 0x00,
    0x00, 0x00, 0x00, 0x00, 0x00, 0x00, 0x00, 0x00, 0x00, 0x00, 0x00, 0x00,
    0x00, 0x00, 0x00, 0x00, 0x00, 0x00, 0x00, 0x00, 0x00, 0x00, 0x00, 0x00,
    0x00, 0x00, 0x00, 0x00, 0x00, 0x00, 0x00, 0x00, 0x00, 0x00, 0x00, 0x00,
    0x00, 0x00, 0x00, 0x00, 0x00, 0x00, 0x00, 0x00, 0x00, 0x00, 0x00, 0x00,
    0x00, 0x00, 0x00, 0x00, 0x00, 0x00, 0x00, 0x00, 0xc8, 0x97, 0x32, 0xff,
    0xc8, 0x97, 0x32, 0xff, 0xc8, 0x97, 0x32, 0xff, 0xc8, 0x97, 0x32, 0xff,
    0xc8, 0x97, 0x32, 0xff, 0xc8, 0x97, 0x32, 0xff, 0xc8, 0x97, 0x32, 0xff,
    0xc8, 0x97, 0x32, 0xff, 0xc8, 0x97, 0x32, 0xff, 0xc8, 0x97, 0x32, 0xff,
    0xc8, 0x97, 0x32, 0xff, 0xc8, 0x97, 0x32, 0xff, 0xc8, 0x97, 0x32, 0xff,
    0xc8, 0x97, 0x32, 0xff, 0xc8, 0x97, 0x32, 0xff, 0xc8, 0x97, 0x32, 0xff,
    0xc8, 0x97, 0x32, 0xff, 0xc8, 0x97, 0x32, 0xff, 0xc8, 0x97, 0x32, 0xff,
    0xc8, 0x97, 0x32, 0xff, 0xc8, 0x97, 0x32, 0xff, 0xca, 0x96, 0x31, 0x3f,
    0x00, 0x00, 0x00, 0x00, 0x00, 0x00, 0x00, 0x00, 0x00, 0x00, 0x00, 0x00,
    0x00, 0x00, 0x00, 0x00, 0x00, 0x00, 0x00, 0x00, 0x00, 0x00, 0x00, 0x00,
    0x00, 0x00, 0x00, 0x00, 0x00, 0x00, 0x00, 0x00, 0x00, 0x00, 0x00, 0x00,
    0x00, 0x00, 0x00, 0x00, 0x00, 0x00, 0x00, 0x00, 0x00, 0x00, 0x00, 0x00,
    0x00, 0x00, 0x00, 0x00, 0x00, 0x00, 0x00, 0x00, 0x00, 0x00, 0x00, 0x00,
    0x00, 0x00, 0x00, 0x00, 0x00, 0x00, 0x00, 0x00, 0x00, 0x00, 0x00, 0x00,
    0x00, 0x00, 0x00, 0x00, 0x00, 0x00, 0x00, 0x00, 0x00, 0x00, 0x00, 0x00,
    0x00, 0x00, 0x00, 0x00, 0x00, 0x00, 0x00, 0x00, 0x00, 0x00, 0x00, 0x00,
    0x00, 0x00, 0x00, 0x00, 0x00, 0x00, 0x00, 0x00, 0x00, 0x00, 0x00, 0x00,
    0x00, 0x00, 0x00, 0x00, 0x00, 0x00, 0x00, 0x00, 0x00, 0x00, 0x00, 0x00,
    0x00, 0x00, 0x00, 0x00, 0x00, 0x00, 0x00, 0x00, 0x00, 0x00, 0x00, 0x00,
    0x00, 0x00, 0x00, 0x00, 0x00, 0x00, 0x00, 0x00, 0x00, 0x00, 0x00, 0x00,
    0x00, 0x00, 0x00, 0x00, 0x00, 0x00, 0x00, 0x00, 0x00, 0x00, 0x00, 0x00,
    0x00, 0x00, 0x00, 0x00, 0x00, 0x00, 0x00, 0x00, 0x00, 0x00, 0x00, 0x00,
    0x00, 0x00, 0x00, 0x00, 0x00, 0x00, 0x00, 0x00, 0x00, 0x00, 0x00, 0x00,
    0x00, 0x00, 0x00, 0x00, 0x00, 0x00, 0x00, 0x00, 0x00, 0x00, 0x00, 0x00,
    0xc7, 0x97, 0x30, 0x20, 0xc8, 0x97, 0x32, 0xff, 0xc8, 0x97, 0x32, 0xff,
    0xc8, 0x97, 0x32, 0xff, 0xc8, 0x97, 0x32, 0xff, 0xc8, 0x97, 0x32, 0xff,
    0xc8, 0x97, 0x32, 0xff, 0xc8, 0x97, 0x32, 0xff, 0xc8, 0x97, 0x32, 0xff,
    0xc8, 0x97, 0x32, 0xff, 0xc8, 0x97, 0x32, 0xff, 0xc8, 0x97, 0x32, 0xff,
    0xc8, 0x97, 0x32, 0xff, 0xc8, 0x97, 0x32, 0xff, 0xc8, 0x97, 0x32, 0xff,
    0xc8, 0x97, 0x32, 0xff, 0xc8, 0x97, 0x32, 0xff, 0xc8, 0x97, 0x32, 0xff,
    0xc8, 0x97, 0x32, 0xff, 0xc8, 0x97, 0x32, 0xff, 0xc8, 0x97, 0x32, 0xff,
    0xc8, 0x97, 0x32, 0xff, 0xce, 0x9c, 0x31, 0x1f, 0x00, 0x00, 0x00, 0x00,
    0x00, 0x00, 0x00, 0x00, 0x00, 0x00, 0x00, 0x00, 0x00, 0x00, 0x00, 0x00,
    0x00, 0x00, 0x00, 0x00, 0x00, 0x00, 0x00, 0x00, 0x00, 0x00, 0x00, 0x00,
    0x00, 0x00, 0x00, 0x00, 0x00, 0x00, 0x00, 0x00, 0x00, 0x00, 0x00, 0x00,
    0x00, 0x00, 0x00, 0x00, 0x00, 0x00, 0x00, 0x00, 0x00, 0x00, 0x00, 0x00,
    0x00, 0x00, 0x00, 0x00, 0x00, 0x00, 0x00, 0x00, 0x00, 0x00, 0x00, 0x00,
    0x00, 0x00, 0x00, 0x00, 0x00, 0x00, 0x00, 0x00, 0x00, 0x00, 0x00, 0x00,
    0x00, 0x00, 0x00, 0x00, 0x00, 0x00, 0x00, 0x00, 0x00, 0x00, 0x00, 0x00,
    0x00, 0x00, 0x00, 0x00, 0x00, 0x00, 0x00, 0x00, 0x00, 0x00, 0x00, 0x00,
    0x00, 0x00, 0x00, 0x00, 0x00, 0x00, 0x00, 0x00, 0x00, 0x00, 0x00, 0x00,
    0x00, 0x00, 0x00, 0x00, 0x00, 0x00, 0x00, 0x00, 0x00, 0x00, 0x00, 0x00,
    0x00, 0x00, 0x00, 0x00, 0x00, 0x00, 0x00, 0x00, 0x00, 0x00, 0x00, 0x00,
    0x00, 0x00, 0x00, 0x00, 0x00, 0x00, 0x00, 0x00, 0x00, 0x00, 0x00, 0x00,
    0x00, 0x00, 0x00, 0x00, 0x00, 0x00, 0x00, 0x00, 0x00, 0x00, 0x00, 0x00,
    0x00, 0x00, 0x00, 0x00, 0x00, 0x00, 0x00, 0x00, 0x00, 0x00, 0x00, 0x00,
    0x00, 0x00, 0x00, 0x00, 0x00, 0x00, 0x00, 0x00, 0x00, 0x00, 0x00, 0x00,
    0x00, 0x00, 0x00, 0x00, 0x00, 0x00, 0x00, 0x00, 0x00, 0x00, 0x00, 0x00,
    0xc7, 0x96, 0x32, 0xef, 0xc8, 0x97, 0x32, 0xff, 0xc8, 0x97, 0x32, 0xff,
    0xc8, 0x97, 0x32, 0xff, 0xc8, 0x97, 0x32, 0xff, 0xc8, 0x97, 0x32, 0xff,
    0xc8, 0x97, 0x32, 0xff, 0xc8, 0x97, 0x32, 0xff, 0xc8, 0x97, 0x32, 0xff,
    0xc8, 0x97, 0x32, 0xff, 0xc8, 0x97, 0x32, 0xff, 0xc8, 0x97, 0x32, 0xff,
    0xc8, 0x97, 0x32, 0xff, 0xc8, 0x97, 0x32, 0xff, 0xc8, 0x97, 0x32, 0xff,
    0xc8, 0x97, 0x32, 0xff, 0xc8, 0x97, 0x32, 0xff, 0xc8, 0x97, 0x32, 0xff,
    0xc8, 0x97, 0x32, 0xff, 0xc8, 0x97, 0x32, 0xff, 0xc8, 0x97, 0x32, 0xff,
    0xc9, 0x96, 0x33, 0x5f, 0x00, 0x00, 0x00, 0x00, 0x00, 0x00, 0x00, 0x00,
    0x00, 0x00, 0x00, 0x00, 0x00, 0x00, 0x00, 0x00, 0x00, 0x00, 0x00, 0x00,
    0x00, 0x00, 0x00, 0x00, 0x00, 0x00, 0x00, 0x00, 0x00, 0x00, 0x00, 0x00,
    0x00, 0x00, 0x00, 0x00, 0x00, 0x00, 0x00, 0x00, 0x00, 0x00, 0x00, 0x00,
    0x00, 0x00, 0x00, 0x00, 0x00, 0x00, 0x00, 0x00, 0x00, 0x00, 0x00, 0x00,
    0x00, 0x00, 0x00, 0x00, 0x00, 0x00, 0x00, 0x00, 0x00, 0x00, 0x00, 0x00,
    0x00, 0x00, 0x00, 0x00, 0x00, 0x00, 0x00, 0x00, 0x00, 0x00, 0x00, 0x00,
    0x00, 0x00, 0x00, 0x00, 0x00, 0x00, 0x00, 0x00, 0x00, 0x00, 0x00, 0x00,
    0x00, 0x00, 0x00, 0x00, 0x00, 0x00, 0x00, 0x00, 0x00, 0x00, 0x00, 0x00,
    0x00, 0x00, 0x00, 0x00, 0x00, 0x00, 0x00, 0x00, 0x00, 0x00, 0x00, 0x00,
    0x00, 0x00, 0x00, 0x00, 0x00, 0x00, 0x00, 0x00, 0x00, 0x00, 0x00, 0x00,
    0x00, 0x00, 0x00, 0x00, 0x00, 0x00, 0x00, 0x00, 0x00, 0x00, 0x00, 0x00,
    0x00, 0x00, 0x00, 0x00, 0x00, 0x00, 0x00, 0x00, 0x00, 0x00, 0x00, 0x00,
    0x00, 0x00, 0x00, 0x00, 0x00, 0x00, 0x00, 0x00, 0x00, 0x00, 0x00, 0x00,
    0x00, 0x00, 0x00, 0x00, 0x00, 0x00, 0x00, 0x00, 0x00, 0x00, 0x00, 0x00,
    0x00, 0x00, 0x00, 0x00, 0x00, 0x00, 0x00, 0x00, 0x00, 0x00, 0x00, 0x00,
    0x00, 0x00, 0x00, 0x00, 0x00, 0x00, 0x00, 0x00, 0xc9, 0x99, 0x32, 0x7f,
    0xc8, 0x97, 0x32, 0xff, 0xc8, 0x97, 0x32, 0xff, 0xc8, 0x97, 0x32, 0xff,
    0xc8, 0x97, 0x32, 0xff, 0xc8, 0x97, 0x32, 0xff, 0xc8, 0x97, 0x32, 0xff,
    0xc8, 0x97, 0x32, 0xff, 0xc8, 0x97, 0x32, 0xff, 0xc8, 0x97, 0x32, 0xff,
    0xc8, 0x97, 0x32, 0xff, 0xc8, 0x97, 0x32, 0xff, 0xc8, 0x97, 0x32, 0xff,
    0xc8, 0x97, 0x32, 0xff, 0xc8, 0x97, 0x32, 0xff, 0xc8, 0x97, 0x32, 0xff,
    0xc8, 0x97, 0x32, 0xff, 0xc8, 0x97, 0x32, 0xff, 0xc8, 0x97, 0x32, 0xff,
    0xc8, 0x97, 0x32, 0xff, 0xc8, 0x97, 0x32, 0xff, 0xc8, 0x97, 0x31, 0xbf,
    0x00, 0x00, 0x00, 0x00, 0x00, 0x00, 0x00, 0x00, 0x00, 0x00, 0x00, 0x00,
    0x00, 0x00, 0x00, 0x00, 0x00, 0x00, 0x00, 0x00, 0x00, 0x00, 0x00, 0x00,
    0x00, 0x00, 0x00, 0x00, 0x00, 0x00, 0x00, 0x00, 0x00, 0x00, 0x00, 0x00,
    0x00, 0x00, 0x00, 0x00, 0x00, 0x00, 0x00, 0x00, 0x00, 0x00, 0x00, 0x00,
    0x00, 0x00, 0x00, 0x00, 0x00, 0x00, 0x00, 0x00, 0x00, 0x00, 0x00, 0x00,
    0x00, 0x00, 0x00, 0x00, 0x00, 0x00, 0x00, 0x00, 0x00, 0x00, 0x00, 0x00,
    0x00, 0x00, 0x00, 0x00, 0x00, 0x00, 0x00, 0x00, 0x00, 0x00, 0x00, 0x00,
    0x00, 0x00, 0x00, 0x00, 0x00, 0x00, 0x00, 0x00, 0x00, 0x00, 0x00, 0x00,
    0x00, 0x00, 0x00, 0x00, 0x00, 0x00, 0x00, 0x00, 0x00, 0x00, 0x00, 0x00,
    0x00, 0x00, 0x00, 0x00, 0x00, 0x00, 0x00, 0x00, 0x00, 0x00, 0x00, 0x00,
    0x00, 0x00, 0x00, 0x00, 0x00, 0x00, 0x00, 0x00, 0x00, 0x00, 0x00, 0x00,
    0x00, 0x00, 0x00, 0x00, 0x00, 0x00, 0x00, 0x00, 0x00, 0x00, 0x00, 0x00,
    0x00, 0x00, 0x00, 0x00, 0x00, 0x00, 0x00, 0x00, 0x00, 0x00, 0x00, 0x00,
    0x00, 0x00, 0x00, 0x00, 0x00, 0x00, 0x00, 0x00, 0x00, 0x00, 0x00, 0x00,
    0x00, 0x00, 0x00, 0x00, 0x00, 0x00, 0x00, 0x00, 0x00, 0x00, 0x00, 0x00,
    0x00, 0x00, 0x00, 0x00, 0x00, 0x00, 0x00, 0x00, 0x00, 0x00, 0x00, 0x00,
    0x00, 0x00, 0x00, 0x00, 0xcf, 0x9f, 0x30, 0x10, 0xc8, 0x97, 0x31, 0xdf,
    0xc8, 0x97, 0x32, 0xff, 0xc8, 0x97, 0x32, 0xff, 0xc8, 0x97, 0x32, 0xff,
    0xc8, 0x97, 0x32, 0xff, 0xc8, 0x97, 0x32, 0xff, 0xc8, 0x97, 0x32, 0xff,
    0xc8, 0x97, 0x32, 0xff, 0xc8, 0x97, 0x32, 0xff, 0xc8, 0x97, 0x32, 0xff,
    0xc8, 0x97, 0x32, 0xff, 0xc8, 0x97, 0x32, 0xff, 0xc8, 0x97, 0x32, 0xff,
    0xc8, 0x97, 0x32, 0xff, 0xc8, 0x97, 0x32, 0xff, 0xc8, 0x97, 0x32, 0xff,
    0xc8, 0x97, 0x32, 0xff, 0xc8, 0x97, 0x32, 0xff, 0xc8, 0x97, 0x32, 0xff,
    0xc8, 0x97, 0x32, 0xff, 0xc8, 0x97, 0x32, 0xff, 0xc9, 0x99, 0x33, 0x5f,
    0x00, 0x00, 0x00, 0x00, 0x00, 0x00, 0x00, 0x00, 0x00, 0x00, 0x00, 0x00,
    0x00, 0x00, 0x00, 0x00, 0x00, 0x00, 0x00, 0x00, 0x00, 0x00, 0x00, 0x00,
    0x00, 0x00, 0x00, 0x00, 0x00, 0x00, 0x00, 0x00, 0x00, 0x00, 0x00, 0x00,
    0x00, 0x00, 0x00, 0x00, 0x00, 0x00, 0x00, 0x00, 0x00, 0x00, 0x00, 0x00,
    0x00, 0x00, 0x00, 0x00, 0x00, 0x00, 0x00, 0x00, 0x00, 0x00, 0x00, 0x00,
    0x00, 0x00, 0x00, 0x00, 0x00, 0x00, 0x00, 0x00, 0x00, 0x00, 0x00, 0x00,
    0x00, 0x00, 0x00, 0x00, 0x00, 0x00, 0x00, 0x00, 0x00, 0x00, 0x00, 0x00,
    0x00, 0x00, 0x00, 0x00, 0x00, 0x00, 0x00, 0x00, 0x00, 0x00, 0x00, 0x00,
    0x00, 0x00, 0x00, 0x00, 0x00, 0x00, 0x00, 0x00, 0x00, 0x00, 0x00, 0x00,
    0x00, 0x00, 0x00, 0x00, 0x00, 0x00, 0x00, 0x00, 0x00, 0x00, 0x00, 0x00,
    0x00, 0x00, 0x00, 0x00, 0x00, 0x00, 0x00, 0x00, 0x00, 0x00, 0x00, 0x00,
    0x00, 0x00, 0x00, 0x00, 0x00, 0x00, 0x00, 0x00, 0x00, 0x00, 0x00, 0x00,
    0x00, 0x00, 0x00, 0x00, 0x00, 0x00, 0x00, 0x00, 0x00, 0x00, 0x00, 0x00,
    0x00, 0x00, 0x00, 0x00, 0x00, 0x00, 0x00, 0x00, 0x00, 0x00, 0x00, 0x00,
    0x00, 0x00, 0x00, 0x00, 0x00, 0x00, 0x00, 0x00, 0x00, 0x00, 0x00, 0x00,
    0x00, 0x00, 0x00, 0x00, 0x00, 0x00, 0x00, 0x00, 0x00, 0x00, 0x00, 0x00,
    0x00, 0x00, 0x00, 0x00, 0xc7, 0x95, 0x30, 0x60, 0xc8, 0x97, 0x32, 0xff,
    0xc8, 0x97, 0x32, 0xff, 0xc8, 0x97, 0x32, 0xff, 0xc8, 0x97, 0x32, 0xff,
    0xc8, 0x97, 0x32, 0xff, 0xc8, 0x97, 0x32, 0xff, 0xc8, 0x97, 0x32, 0xff,
    0xc8, 0x97, 0x32, 0xff, 0xc8, 0x97, 0x32, 0xff, 0xc8, 0x97, 0x32, 0xff,
    0xc8, 0x97, 0x32, 0xff, 0xc8, 0x97, 0x32, 0xff, 0xc8, 0x97, 0x32, 0xff,
    0xc8, 0x97, 0x32, 0xff, 0xc8, 0x97, 0x32, 0xff, 0xc8, 0x97, 0x32, 0xff,
    0xc8, 0x97, 0x32, 0xff, 0xc8, 0x97, 0x32, 0xff, 0xc8, 0x97, 0x32, 0xff,
    0xc8, 0x97, 0x32, 0xff, 0xc8, 0x97, 0x32, 0xdf, 0xcf, 0x9f, 0x30, 0x10,
    0x00, 0x00, 0x00, 0x00, 0x00, 0x00, 0x00, 0x00, 0x00, 0x00, 0x00, 0x00,
    0x00, 0x00, 0x00, 0x00, 0x00, 0x00, 0x00, 0x00, 0x00, 0x00, 0x00, 0x00,
    0x00, 0x00, 0x00, 0x00, 0x00, 0x00, 0x00, 0x00, 0x00, 0x00, 0x00, 0x00,
    0x00, 0x00, 0x00, 0x00, 0x00, 0x00, 0x00, 0x00, 0x00, 0x00, 0x00, 0x00,
    0x00, 0x00, 0x00, 0x00, 0x00, 0x00, 0x00, 0x00, 0x00, 0x00, 0x00, 0x00,
    0x00, 0x00, 0x00, 0x00, 0x00, 0x00, 0x00, 0x00, 0x00, 0x00, 0x00, 0x00,
    0x00, 0x00, 0x00, 0x00, 0x00, 0x00, 0x00, 0x00, 0x00, 0x00, 0x00, 0x00,
    0x00, 0x00, 0x00, 0x00, 0x00, 0x00, 0x00, 0x00, 0x00, 0x00, 0x00, 0x00,
    0x00, 0x00, 0x00, 0x00, 0x00, 0x00, 0x00, 0x00, 0x00, 0x00, 0x00, 0x00,
    0x00, 0x00, 0x00, 0x00, 0x00, 0x00, 0x00, 0x00, 0x00, 0x00, 0x00, 0x00,
    0x00, 0x00, 0x00, 0x00, 0x00, 0x00, 0x00, 0x00, 0x00, 0x00, 0x00, 0x00,
    0x00, 0x00, 0x00, 0x00, 0x00, 0x00, 0x00, 0x00, 0x00, 0x00, 0x00, 0x00,
    0x00, 0x00, 0x00, 0x00, 0x00, 0x00, 0x00, 0x00, 0x00, 0x00, 0x00, 0x00,
    0x00, 0x00, 0x00, 0x00, 0x00, 0x00, 0x00, 0x00, 0x00, 0x00, 0x00, 0x00,
    0x00, 0x00, 0x00, 0x00, 0x00, 0x00, 0x00, 0x00, 0x00, 0x00, 0x00, 0x00,
    0x00, 0x00, 0x00, 0x00, 0x00, 0x00, 0x00, 0x00, 0x00, 0x00, 0x00, 0x00,
    0x00, 0x00, 0x00, 0x00, 0xc8, 0x97, 0x31, 0xbf, 0xc8, 0x97, 0x32, 0xff,
    0xc8, 0x97, 0x32, 0xff, 0xc8, 0x97, 0x32, 0xff, 0xc8, 0x97, 0x32, 0xff,
    0xc8, 0x97, 0x32, 0xff, 0xc8, 0x97, 0x32, 0xff, 0xc8, 0x97, 0x32, 0xff,
    0xc8, 0x97, 0x32, 0xff, 0xc8, 0x97, 0x32, 0xff, 0xc8, 0x97, 0x32, 0xff,
    0xc8, 0x97, 0x32, 0xff, 0xc8, 0x97, 0x32, 0xff, 0xc8, 0x97, 0x32, 0xff,
    0xc8, 0x97, 0x32, 0xff, 0xc8, 0x97, 0x32, 0xff, 0xc8, 0x97, 0x32, 0xff,
    0xc8, 0x97, 0x32, 0xff, 0xc8, 0x97, 0x32, 0xff, 0xc8, 0x97, 0x32, 0xff,
    0xc8, 0x97, 0x32, 0xff, 0xc9, 0x97, 0x32, 0x7f, 0x00, 0x00, 0x00, 0x00,
    0x00, 0x00, 0x00, 0x00, 0x00, 0x00, 0x00, 0x00, 0x00, 0x00, 0x00, 0x00,
    0x00, 0x00, 0x00, 0x00, 0x00, 0x00, 0x00, 0x00, 0x00, 0x00, 0x00, 0x00,
    0x00, 0x00, 0x00, 0x00, 0x00, 0x00, 0x00, 0x00, 0x00, 0x00, 0x00, 0x00,
    0x00, 0x00, 0x00, 0x00, 0x00, 0x00, 0x00, 0x00, 0x00, 0x00, 0x00, 0x00,
    0x00, 0x00, 0x00, 0x00, 0x00, 0x00, 0x00, 0x00, 0x00, 0x00, 0x00, 0x00,
    0x00, 0x00, 0x00, 0x00, 0x00, 0x00, 0x00, 0x00, 0x00, 0x00, 0x00, 0x00,
    0x00, 0x00, 0x00, 0x00, 0x00, 0x00, 0x00, 0x00, 0x00, 0x00, 0x00, 0x00,
    0x00, 0x00, 0x00, 0x00, 0x00, 0x00, 0x00, 0x00, 0x00, 0x00, 0x00, 0x00,
    0x00, 0x00, 0x00, 0x00, 0x00, 0x00, 0x00, 0x00, 0x00, 0x00, 0x00, 0x00,
    0x00, 0x00, 0x00, 0x00, 0x00, 0x00, 0x00, 0x00, 0x00, 0x00, 0x00, 0x00,
    0x00, 0x00, 0x00, 0x00, 0x00, 0x00, 0x00, 0x00, 0x00, 0x00, 0x00, 0x00,
    0x00, 0x00, 0x00, 0x00, 0x00, 0x00, 0x00, 0x00, 0x00, 0x00, 0x00, 0x00,
    0x00, 0x00, 0x00, 0x00, 0x00, 0x00, 0x00, 0x00, 0x00, 0x00, 0x00, 0x00,
    0x00, 0x00, 0x00, 0x00, 0x00, 0x00, 0x00, 0x00, 0x00, 0x00, 0x00, 0x00,
    0x00, 0x00, 0x00, 0x00, 0x00, 0x00, 0x00, 0x00, 0x00, 0x00, 0x00, 0x00,
    0x00, 0x00, 0x00, 0x00, 0x00, 0x00, 0x00, 0x00, 0x00, 0x00, 0x00, 0x00,
    0xc7, 0x97, 0x30, 0x40, 0xc8, 0x97, 0x32, 0xff, 0xc8, 0x97, 0x32, 0xff,
    0xc8, 0x97, 0x32, 0xff, 0xc8, 0x97, 0x32, 0xff, 0xc8, 0x97, 0x32, 0xff,
    0xc8, 0x97, 0x32, 0xff, 0xc8, 0x97, 0x32, 0xff, 0xc8, 0x97, 0x32, 0xff,
    0xc8, 0x97, 0x32, 0xff, 0xc8, 0x97, 0x32, 0xff, 0xc8, 0x97, 0x32, 0xff,
    0xc8, 0x97, 0x32, 0xff, 0xc8, 0x97, 0x32, 0xff, 0xc8, 0x97, 0x32, 0xff,
    0xc8, 0x97, 0x32, 0xff, 0xc8, 0x97, 0x32, 0xff, 0xc8, 0x97, 0x32, 0xff,
    0xc8, 0x97, 0x32, 0xff, 0xc8, 0x97, 0x32, 0xff, 0xc8, 0x97, 0x32, 0xff,
    0xc7, 0x96, 0x32, 0xef, 0xcf, 0x9f, 0x30, 0x10, 0x00, 0x00, 0x00, 0x00,
    0x00, 0x00, 0x00, 0x00, 0x00, 0x00, 0x00, 0x00, 0x00, 0x00, 0x00, 0x00,
    0x00, 0x00, 0x00, 0x00, 0x00, 0x00, 0x00, 0x00, 0x00, 0x00, 0x00, 0x00,
    0x00, 0x00, 0x00, 0x00, 0x00, 0x00, 0x00, 0x00, 0x00, 0x00, 0x00, 0x00,
    0x00, 0x00, 0x00, 0x00, 0x00, 0x00, 0x00, 0x00, 0x00, 0x00, 0x00, 0x00,
    0x00, 0x00, 0x00, 0x00, 0x00, 0x00, 0x00, 0x00, 0x00, 0x00, 0x00, 0x00,
    0x00, 0x00, 0x00, 0x00, 0x00, 0x00, 0x00, 0x00, 0x00, 0x00, 0x00, 0x00,
    0x00, 0x00, 0x00, 0x00, 0x00, 0x00, 0x00, 0x00, 0x00, 0x00, 0x00, 0x00,
    0x00, 0x00, 0x00, 0x00, 0x00, 0x00, 0x00, 0x00, 0x00, 0x00, 0x00, 0x00,
    0x00, 0x00, 0x00, 0x00, 0x00, 0x00, 0x00, 0x00, 0x00, 0x00, 0x00, 0x00,
    0x00, 0x00, 0x00, 0x00, 0x00, 0x00, 0x00, 0x00, 0x00, 0x00, 0x00, 0x00,
    0x00, 0x00, 0x00, 0x00, 0x00, 0x00, 0x00, 0x00, 0x00, 0x00, 0x00, 0x00,
    0x00, 0x00, 0x00, 0x00, 0x00, 0x00, 0x00, 0x00, 0x00, 0x00, 0x00, 0x00,
    0x00, 0x00, 0x00, 0x00, 0x00, 0x00, 0x00, 0x00, 0x00, 0x00, 0x00, 0x00,
    0x00, 0x00, 0x00, 0x00, 0x00, 0x00, 0x00, 0x00, 0x00, 0x00, 0x00, 0x00,
    0x00, 0x00, 0x00, 0x00, 0x00, 0x00, 0x00, 0x00, 0x00, 0x00, 0x00, 0x00,
    0x00, 0x00, 0x00, 0x00, 0x00, 0x00, 0x00, 0x00, 0x00, 0x00, 0x00, 0x00,
    0xc8, 0x97, 0x31, 0xbf, 0xc8, 0x97, 0x32, 0xff, 0xc8, 0x97, 0x32, 0xff,
    0xc8, 0x97, 0x32, 0xff, 0xc8, 0x97, 0x32, 0xff, 0xc8, 0x97, 0x32, 0xff,
    0xc8, 0x97, 0x32, 0xff, 0xc8, 0x97, 0x32, 0xff, 0xc8, 0x97, 0x32, 0xff,
    0xc8, 0x97, 0x32, 0xff, 0xc8, 0x97, 0x32, 0xff, 0xc8, 0x97, 0x32, 0xff,
    0xc8, 0x97, 0x32, 0xff, 0xc8, 0x97, 0x32, 0xff, 0xc8, 0x97, 0x32, 0xff,
    0xc8, 0x97, 0x32, 0xff, 0xc8, 0x97, 0x32, 0xff, 0xc8, 0x97, 0x32, 0xff,
    0xc8, 0x97, 0x32, 0xff, 0xc8, 0x97, 0x32, 0xff, 0xc8, 0x97, 0x32, 0xff,
    0xc8, 0x96, 0x32, 0x8f, 0x00, 0x00, 0x00, 0x00, 0x00, 0x00, 0x00, 0x00,
    0x00, 0x00, 0x00, 0x00, 0x00, 0x00, 0x00, 0x00, 0x00, 0x00, 0x00, 0x00,
    0x00, 0x00, 0x00, 0x00, 0x00, 0x00, 0x00, 0x00, 0x00, 0x00, 0x00, 0x00,
    0x00, 0x00, 0x00, 0x00, 0x00, 0x00, 0x00, 0x00, 0x00, 0x00, 0x00, 0x00,
    0x00, 0x00, 0x00, 0x00, 0x00, 0x00, 0x00, 0x00, 0x00, 0x00, 0x00, 0x00,
    0x00, 0x00, 0x00, 0x00, 0x00, 0x00, 0x00, 0x00, 0x00, 0x00, 0x00, 0x00,
    0x00, 0x00, 0x00, 0x00, 0x00, 0x00, 0x00, 0x00, 0x00, 0x00, 0x00, 0x00,
    0x00, 0x00, 0x00, 0x00, 0x00, 0x00, 0x00, 0x00, 0x00, 0x00, 0x00, 0x00,
    0x00, 0x00, 0x00, 0x00, 0x00, 0x00, 0x00, 0x00, 0x00, 0x00, 0x00, 0x00,
    0x00, 0x00, 0x00, 0x00, 0x00, 0x00, 0x00, 0x00, 0x00, 0x00, 0x00, 0x00,
    0x00, 0x00, 0x00, 0x00, 0x00, 0x00, 0x00, 0x00, 0x00, 0x00, 0x00, 0x00,
    0x00, 0x00, 0x00, 0x00, 0x00, 0x00, 0x00, 0x00, 0x00, 0x00, 0x00, 0x00,
    0x00, 0x00, 0x00, 0x00, 0x00, 0x00, 0x00, 0x00, 0x00, 0x00, 0x00, 0x00,
    0x00, 0x00, 0x00, 0x00, 0x00, 0x00, 0x00, 0x00, 0x00, 0x00, 0x00, 0x00,
    0x00, 0x00, 0x00, 0x00, 0x00, 0x00, 0x00, 0x00, 0x00, 0x00, 0x00, 0x00,
    0x00, 0x00, 0x00, 0x00, 0x00, 0x00, 0x00, 0x00, 0x00, 0x00, 0x00, 0x00,
    0x00, 0x00, 0x00, 0x00, 0x00, 0x00, 0x00, 0x00, 0xc7, 0x97, 0x30, 0x20,
    0xc7, 0x96, 0x32, 0xef, 0xc8, 0x97, 0x32, 0xff, 0xc8, 0x97, 0x32, 0xff,
    0xc8, 0x97, 0x32, 0xff, 0xc8, 0x97, 0x32, 0xff, 0xc8, 0x97, 0x32, 0xff,
    0xc8, 0x97, 0x32, 0xff, 0xc8, 0x97, 0x32, 0xff, 0xc8, 0x97, 0x32, 0xff,
    0xc8, 0x97, 0x32, 0xff, 0xc8, 0x97, 0x32, 0xff, 0xc8, 0x97, 0x32, 0xff,
    0xc8, 0x97, 0x32, 0xff, 0xc8, 0x97, 0x32, 0xff, 0xc8, 0x97, 0x32, 0xff,
    0xc8, 0x97, 0x32, 0xff, 0xc8, 0x97, 0x32, 0xff, 0xc8, 0x97, 0x32, 0xff,
    0xc8, 0x97, 0x32, 0xff, 0xc8, 0x97, 0x32, 0xff, 0xc8, 0x97, 0x32, 0xff,
    0xc5, 0x95, 0x30, 0x30, 0x00, 0x00, 0x00, 0x00, 0x00, 0x00, 0x00, 0x00,
    0x00, 0x00, 0x00, 0x00, 0x00, 0x00, 0x00, 0x00, 0x00, 0x00, 0x00, 0x00,
    0x00, 0x00, 0x00, 0x00, 0x00, 0x00, 0x00, 0x00, 0x00, 0x00, 0x00, 0x00,
    0x00, 0x00, 0x00, 0x00, 0x00, 0x00, 0x00, 0x00, 0x00, 0x00, 0x00, 0x00,
    0x00, 0x00, 0x00, 0x00, 0x00, 0x00, 0x00, 0x00, 0x00, 0x00, 0x00, 0x00,
    0x00, 0x00, 0x00, 0x00, 0x00, 0x00, 0x00, 0x00, 0x00, 0x00, 0x00, 0x00,
    0x00, 0x00, 0x00, 0x00, 0x00, 0x00, 0x00, 0x00, 0x00, 0x00, 0x00, 0x00,
    0x00, 0x00, 0x00, 0x00, 0x00, 0x00, 0x00, 0x00, 0x00, 0x00, 0x00, 0x00,
    0x00, 0x00, 0x00, 0x00, 0x00, 0x00, 0x00, 0x00, 0x00, 0x00, 0x00, 0x00,
    0x00, 0x00, 0x00, 0x00, 0x00, 0x00, 0x00, 0x00, 0x00, 0x00, 0x00, 0x00,
    0x00, 0x00, 0x00, 0x00, 0x00, 0x00, 0x00, 0x00, 0x00, 0x00, 0x00, 0x00,
    0x00, 0x00, 0x00, 0x00, 0x00, 0x00, 0x00, 0x00, 0x00, 0x00, 0x00, 0x00,
    0x00, 0x00, 0x00, 0x00, 0x00, 0x00, 0x00, 0x00, 0x00, 0x00, 0x00, 0x00,
    0x00, 0x00, 0x00, 0x00, 0x00, 0x00, 0x00, 0x00, 0x00, 0x00, 0x00, 0x00,
    0x00, 0x00, 0x00, 0x00, 0x00, 0x00, 0x00, 0x00, 0x00, 0x00, 0x00, 0x00,
    0x00, 0x00, 0x00, 0x00, 0x00, 0x00, 0x00, 0x00, 0x00, 0x00, 0x00, 0x00,
    0x00, 0x00, 0x00, 0x00, 0x00, 0x00, 0x00, 0x00, 0xc9, 0x99, 0x32, 0x7f,
    0xc8, 0x97, 0x32, 0xff, 0xc8, 0x97, 0x32, 0xff, 0xc8, 0x97, 0x32, 0xff,
    0xc8, 0x97, 0x32, 0xff, 0xc8, 0x97, 0x32, 0xff, 0xc8, 0x97, 0x32, 0xff,
    0xc8, 0x97, 0x32, 0xff, 0xc8, 0x97, 0x32, 0xff, 0xc8, 0x97, 0x32, 0xff,
    0xc8, 0x97, 0x32, 0xff, 0xc8, 0x97, 0x32, 0xff, 0xc8, 0x97, 0x32, 0xff,
    0xc8, 0x97, 0x32, 0xff, 0xc8, 0x97, 0x32, 0xff, 0xc8, 0x97, 0x32, 0xff,
    0xc8, 0x97, 0x32, 0xff, 0xc8, 0x97, 0x32, 0xff, 0xc8, 0x97, 0x32, 0xff,
    0xc8, 0x97, 0x32, 0xff, 0xc8, 0x97, 0x32, 0xff, 0xc8, 0x97, 0x31, 0xbf,
    0x00, 0x00, 0x00, 0x00, 0x00, 0x00, 0x00, 0x00, 0x00, 0x00, 0x00, 0x00,
    0x00, 0x00, 0x00, 0x00, 0x00, 0x00, 0x00, 0x00, 0x00, 0x00, 0x00, 0x00,
    0x00, 0x00, 0x00, 0x00, 0x00, 0x00, 0x00, 0x00, 0x00, 0x00, 0x00, 0x00,
    0x00, 0x00, 0x00, 0x00, 0x00, 0x00, 0x00, 0x00, 0x00, 0x00, 0x00, 0x00,
    0x00, 0x00, 0x00, 0x00, 0x00, 0x00, 0x00, 0x00, 0x00, 0x00, 0x00, 0x00,
    0x00, 0x00, 0x00, 0x00, 0x00, 0x00, 0x00, 0x00, 0x00, 0x00, 0x00, 0x00,
    0x00, 0x00, 0x00, 0x00, 0x00, 0x00, 0x00, 0x00, 0x00, 0x00, 0x00, 0x00,
    0x00, 0x00, 0x00, 0x00, 0x00, 0x00, 0x00, 0x00, 0x00, 0x00, 0x00, 0x00,
    0x00, 0x00, 0x00, 0x00, 0x00, 0x00, 0x00, 0x00, 0x00, 0x00, 0x00, 0x00,
    0x00, 0x00, 0x00, 0x00, 0x00, 0x00, 0x00, 0x00, 0x00, 0x00, 0x00, 0x00,
    0x00, 0x00, 0x00, 0x00, 0x00, 0x00, 0x00, 0x00, 0x00, 0x00, 0x00, 0x00,
    0x00, 0x00, 0x00, 0x00, 0x00, 0x00, 0x00, 0x00, 0x00, 0x00, 0x00, 0x00,
    0x00, 0x00, 0x00, 0x00, 0x00, 0x00, 0x00, 0x00, 0x00, 0x00, 0x00, 0x00,
    0x00, 0x00, 0x00, 0x00, 0x00, 0x00, 0x00, 0x00, 0x00, 0x00, 0x00, 0x00,
    0x00, 0x00, 0x00, 0x00, 0x00, 0x00, 0x00, 0x00, 0x00, 0x00, 0x00, 0x00,
    0x00, 0x00, 0x00, 0x00, 0x00, 0x00, 0x00, 0x00, 0x00, 0x00, 0x00, 0x00,
    0x00, 0x00, 0x00, 0x00, 0xcf, 0x9f, 0x30, 0x10, 0xc7, 0x96, 0x32, 0xef,
    0xc8, 0x97, 0x32, 0xff, 0xc8, 0x97, 0x32, 0xff, 0xc8, 0x97, 0x32, 0xff,
    0xc8, 0x97, 0x32, 0xff, 0xc8, 0x97, 0x32, 0xff, 0xc8, 0x97, 0x32, 0xff,
    0xc8, 0x97, 0x32, 0xff, 0xc8, 0x97, 0x32, 0xff, 0xc8, 0x97, 0x32, 0xff,
    0xc8, 0x97, 0x32, 0xff, 0xc8, 0x97, 0x32, 0xff, 0xc8, 0x97, 0x32, 0xff,
    0xc8, 0x97, 0x32, 0xff, 0xc8, 0x97, 0x32, 0xff, 0xc8, 0x97, 0x32, 0xff,
    0xc8, 0x97, 0x32, 0xff, 0xc8, 0x97, 0x32, 0xff, 0xc8, 0x97, 0x32, 0xff,
    0xc8, 0x97, 0x32, 0xff, 0xc8, 0x97, 0x32, 0xff, 0xc7, 0x93, 0x30, 0x40,
    0x00, 0x00, 0x00, 0x00, 0x00, 0x00, 0x00, 0x00, 0x00, 0x00, 0x00, 0x00,
    0x00, 0x00, 0x00, 0x00, 0x00, 0x00, 0x00, 0x00, 0x00, 0x00, 0x00, 0x00,
    0x00, 0x00, 0x00, 0x00, 0x00, 0x00, 0x00, 0x00, 0x00, 0x00, 0x00, 0x00,
    0x00, 0x00, 0x00, 0x00, 0x00, 0x00, 0x00, 0x00, 0x00, 0x00, 0x00, 0x00,
    0x00, 0x00, 0x00, 0x00, 0x00, 0x00, 0x00, 0x00, 0x00, 0x00, 0x00, 0x00,
    0x00, 0x00, 0x00, 0x00, 0x00, 0x00, 0x00, 0x00, 0x00, 0x00, 0x00, 0x00,
    0x00, 0x00, 0x00, 0x00, 0x00, 0x00, 0x00, 0x00, 0x00, 0x00, 0x00, 0x00,
    0x00, 0x00, 0x00, 0x00, 0x00, 0x00, 0x00, 0x00, 0x00, 0x00, 0x00, 0x00,
    0x00, 0x00, 0x00, 0x00, 0x00, 0x00, 0x00, 0x00, 0x00, 0x00, 0x00, 0x00,
    0x00, 0x00, 0x00, 0x00, 0x00, 0x00, 0x00, 0x00, 0x00, 0x00, 0x00, 0x00,
    0x00, 0x00, 0x00, 0x00, 0x00, 0x00, 0x00, 0x00, 0x00, 0x00, 0x00, 0x00,
    0x00, 0x00, 0x00, 0x00, 0x00, 0x00, 0x00, 0x00, 0x70, 0x65, 0x65, 0x30,
    0x70, 0x69, 0x63, 0xaf, 0x70, 0x68, 0x63, 0x9f, 0x70, 0x68, 0x68, 0x20,
    0x00, 0x00, 0x00, 0x00, 0x00, 0x00, 0x00, 0x00, 0x00, 0x00, 0x00, 0x00,
    0x00, 0x00, 0x00, 0x00, 0x00, 0x00, 0x00, 0x00, 0x00, 0x00, 0x00, 0x00,
    0x00, 0x00, 0x00, 0x00, 0x00, 0x00, 0x00, 0x00, 0x00, 0x00, 0x00, 0x00,
    0x00, 0x00, 0x00, 0x00, 0xc8, 0x96, 0x30, 0x70, 0xc8, 0x97, 0x32, 0xff,
    0xc8, 0x97, 0x32, 0xff, 0xc8, 0x97, 0x32, 0xff, 0xc8, 0x97, 0x32, 0xff,
    0xc8, 0x97, 0x32, 0xff, 0xc8, 0x97, 0x32, 0xff, 0xc8, 0x97, 0x32, 0xff,
    0xc8, 0x97, 0x32, 0xff, 0xc8, 0x97, 0x32, 0xff, 0xc8, 0x97, 0x32, 0xff,
    0xc8, 0x97, 0x32, 0xff, 0xc8, 0x97, 0x32, 0xff, 0xc8, 0x97, 0x32, 0xff,
    0xc8, 0x97, 0x32, 0xff, 0xc8, 0x97, 0x32, 0xff, 0xc8, 0x97, 0x32, 0xff,
    0xc8, 0x97, 0x32, 0xff, 0xc8, 0x97, 0x32, 0xff, 0xc8, 0x97, 0x32, 0xff,
    0xc8, 0x97, 0x32, 0xff, 0xc9, 0x97, 0x31, 0xcf, 0x00, 0x00, 0x00, 0x00,
    0x00, 0x00, 0x00, 0x00, 0x00, 0x00, 0x00, 0x00, 0x00, 0x00, 0x00, 0x00,
    0x00, 0x00, 0x00, 0x00, 0x00, 0x00, 0x00, 0x00, 0x00, 0x00, 0x00, 0x00,
    0x00, 0x00, 0x00, 0x00, 0x00, 0x00, 0x00, 0x00, 0x00, 0x00, 0x00, 0x00,
    0x00, 0x00, 0x00, 0x00, 0x00, 0x00, 0x00, 0x00, 0x00, 0x00, 0x00, 0x00,
    0x00, 0x00, 0x00, 0x00, 0x00, 0x00, 0x00, 0x00, 0x00, 0x00, 0x00, 0x00,
    0x00, 0x00, 0x00, 0x00, 0x00, 0x00, 0x00, 0x00, 0x00, 0x00, 0x00, 0x00,
    0x00, 0x00, 0x00, 0x00, 0x00, 0x00, 0x00, 0x00, 0x00, 0x00, 0x00, 0x00,
    0x00, 0x00, 0x00, 0x00, 0x00, 0x00, 0x00, 0x00, 0x00, 0x00, 0x00, 0x00,
    0x00, 0x00, 0x00, 0x00, 0x00, 0x00, 0x00, 0x00, 0x00, 0x00, 0x00, 0x00,
    0x00, 0x00, 0x00, 0x00, 0x00, 0x00, 0x00, 0x00, 0x00, 0x00, 0x00, 0x00,
    0x00, 0x00, 0x00, 0x00, 0x00, 0x00, 0x00, 0x00, 0x00, 0x00, 0x00, 0x00,
    0x70, 0x68, 0x68, 0x20, 0x70, 0x69, 0x63, 0xdf, 0x70, 0x69, 0x63, 0xff,
    0x70, 0x69, 0x63, 0xff, 0x70, 0x69, 0x63, 0xbf, 0x00, 0x00, 0x00, 0x00,
    0x00, 0x00, 0x00, 0x00, 0x00, 0x00, 0x00, 0x00, 0x00, 0x00, 0x00, 0x00,
    0x00, 0x00, 0x00, 0x00, 0x00, 0x00, 0x00, 0x00, 0x00, 0x00, 0x00, 0x00,
    0x00, 0x00, 0x00, 0x00, 0x00, 0x00, 0x00, 0x00, 0x00, 0x00, 0x00, 0x00,
    0x00, 0x00, 0x00, 0x00, 0xc8, 0x97, 0x31, 0xdf, 0xc8, 0x97, 0x32, 0xff,
    0xc8, 0x97, 0x32, 0xff, 0xc8, 0x97, 0x32, 0xff, 0xc8, 0x97, 0x32, 0xff,
    0xc8, 0x97, 0x32, 0xff, 0xc8, 0x97, 0x32, 0xff, 0xc8, 0x97, 0x32, 0xff,
    0xc8, 0x97, 0x32, 0xff, 0xc8, 0x97, 0x32, 0xff, 0xc8, 0x97, 0x32, 0xff,
    0xc8, 0x97, 0x32, 0xff, 0xc8, 0x97, 0x32, 0xff, 0xc8, 0x97, 0x32, 0xff,
    0xc8, 0x97, 0x32, 0xff, 0xc8, 0x97, 0x32, 0xff, 0xc8, 0x97, 0x32, 0xff,
    0xc8, 0x97, 0x32, 0xff, 0xc8, 0x97, 0x32, 0xff, 0xc8, 0x97, 0x32, 0xff,
    0xc8, 0x97, 0x32, 0xff, 0xc6, 0x96, 0x32, 0x70, 0x00, 0x00, 0x00, 0x00,
    0x00, 0x00, 0x00, 0x00, 0x00, 0x00, 0x00, 0x00, 0x00, 0x00, 0x00, 0x00,
    0x00, 0x00, 0x00, 0x00, 0x00, 0x00, 0x00, 0x00, 0x00, 0x00, 0x00, 0x00,
    0x00, 0x00, 0x00, 0x00, 0x00, 0x00, 0x00, 0x00, 0x00, 0x00, 0x00, 0x00,
    0x00, 0x00, 0x00, 0x00, 0x00, 0x00, 0x00, 0x00, 0x00, 0x00, 0x00, 0x00,
    0x00, 0x00, 0x00, 0x00, 0x00, 0x00, 0x00, 0x00, 0x00, 0x00, 0x00, 0x00,
    0x00, 0x00, 0x00, 0x00, 0x00, 0x00, 0x00, 0x00, 0x00, 0x00, 0x00, 0x00,
    0x00, 0x00, 0x00, 0x00, 0x00, 0x00, 0x00, 0x00, 0x00, 0x00, 0x00, 0x00,
    0x00, 0x00, 0x00, 0x00, 0x00, 0x00, 0x00, 0x00, 0x00, 0x00, 0x00, 0x00,
    0x00, 0x00, 0x00, 0x00, 0x00, 0x00, 0x00, 0x00, 0x00, 0x00, 0x00, 0x00,
    0x00, 0x00, 0x00, 0x00, 0x00, 0x00, 0x00, 0x00, 0x00, 0x00, 0x00, 0x00,
    0x00, 0x00, 0x00, 0x00, 0x00, 0x00, 0x00, 0x00, 0x70, 0x6a, 0x63, 0x90,
    0x70, 0x69, 0x63, 0xff, 0x70, 0x69, 0x63, 0xff, 0x70, 0x69, 0x63, 0xff,
    0x70, 0x69, 0x63, 0xff, 0x71, 0x69, 0x63, 0x5f, 0x00, 0x00, 0x00, 0x00,
    0x00, 0x00, 0x00, 0x00, 0x00, 0x00, 0x00, 0x00, 0x00, 0x00, 0x00, 0x00,
    0x00, 0x00, 0x00, 0x00, 0x00, 0x00, 0x00, 0x00, 0x00, 0x00, 0x00, 0x00,
    0x00, 0x00, 0x00, 0x00, 0x00, 0x00, 0x00, 0x00, 0x00, 0x00, 0x00, 0x00,
    0xc7, 0x97, 0x30, 0x40, 0xc8, 0x97, 0x32, 0xff, 0xc8, 0x97, 0x32, 0xff,
    0xc8, 0x97, 0x32, 0xff, 0xc8, 0x97, 0x32, 0xff, 0xc8, 0x97, 0x32, 0xff,
    0xc8, 0x97, 0x32, 0xff, 0xc8, 0x97, 0x32, 0xff, 0xc8, 0x97, 0x32, 0xff,
    0xc8, 0x97, 0x32, 0xff, 0xc8, 0x97, 0x32, 0xff, 0xc8, 0x97, 0x32, 0xff,
    0xc8, 0x97, 0x32, 0xff, 0xc8, 0x97, 0x32, 0xff, 0xc8, 0x97, 0x32, 0xff,
    0xc8, 0x97, 0x32, 0xff, 0xc8, 0x97, 0x32, 0xff, 0xc8, 0x97, 0x32, 0xff,
    0xc8, 0x97, 0x32, 0xff, 0xc8, 0x97, 0x32, 0xff, 0xc8, 0x97, 0x32, 0xff,
    0xc7, 0x96, 0x32, 0xef, 0xcf, 0x9f, 0x30, 0x10, 0x00, 0x00, 0x00, 0x00,
    0x00, 0x00, 0x00, 0x00, 0x00, 0x00, 0x00, 0x00, 0x00, 0x00, 0x00, 0x00,
    0x00, 0x00, 0x00, 0x00, 0x00, 0x00, 0x00, 0x00, 0x00, 0x00, 0x00, 0x00,
    0x00, 0x00, 0x00, 0x00, 0x00, 0x00, 0x00, 0x00, 0x00, 0x00, 0x00, 0x00,
    0x00, 0x00, 0x00, 0x00, 0x00, 0x00, 0x00, 0x00, 0x00, 0x00, 0x00, 0x00,
    0x00, 0x00, 0x00, 0x00, 0x00, 0x00, 0x00, 0x00, 0x00, 0x00, 0x00, 0x00,
    0x00, 0x00, 0x00, 0x00, 0x00, 0x00, 0x00, 0x00, 0x00, 0x00, 0x00, 0x00,
    0x00, 0x00, 0x00, 0x00, 0x00, 0x00, 0x00, 0x00, 0x00, 0x00, 0x00, 0x00,
    0x00, 0x00, 0x00, 0x00, 0x00, 0x00, 0x00, 0x00, 0x00, 0x00, 0x00, 0x00,
    0x00, 0x00, 0x00, 0x00, 0x00, 0x00, 0x00, 0x00, 0x00, 0x00, 0x00, 0x00,
    0x00, 0x00, 0x00, 0x00, 0x00, 0x00, 0x00, 0x00, 0x00, 0x00, 0x00, 0x00,
    0x70, 0x68, 0x68, 0x20, 0x70, 0x69, 0x63, 0xff, 0x70, 0x69, 0x63, 0xff,
    0x70, 0x69, 0x63, 0xff, 0x70, 0x69, 0x63, 0xff, 0x70, 0x69, 0x63, 0xff,
    0x70, 0x69, 0x63, 0xdf, 0x70, 0x70, 0x60, 0x10, 0x00, 0x00, 0x00, 0x00,
    0x00, 0x00, 0x00, 0x00, 0x00, 0x00, 0x00, 0x00, 0x00, 0x00, 0x00, 0x00,
    0x00, 0x00, 0x00, 0x00, 0x00, 0x00, 0x00, 0x00, 0x00, 0x00, 0x00, 0x00,
    0x00, 0x00, 0x00, 0x00, 0x00, 0x00, 0x00, 0x00, 0x00, 0x00, 0x00, 0x00,
    0xc8, 0x97, 0x31, 0xbf, 0xc8, 0x97, 0x32, 0xff, 0xc8, 0x97, 0x32, 0xff,
    0xc8, 0x97, 0x32, 0xff, 0xc8, 0x97, 0x32, 0xff, 0xc8, 0x97, 0x32, 0xff,
    0xc8, 0x97, 0x32, 0xff, 0xc8, 0x97, 0x32, 0xff, 0xc8, 0x97, 0x32, 0xff,
    0xc8, 0x97, 0x32, 0xff, 0xc8, 0x97, 0x32, 0xff, 0xc8, 0x97, 0x32, 0xff,
    0xc8, 0x97, 0x32, 0xff, 0xc8, 0x97, 0x32, 0xff, 0xc8, 0x97, 0x32, 0xff,
    0xc8, 0x97, 0x32, 0xff, 0xc8, 0x97, 0x32, 0xff, 0xc8, 0x97, 0x32, 0xff,
    0xc8, 0x97, 0x32, 0xff, 0xc8, 0x97, 0x32, 0xff, 0xc8, 0x97, 0x32, 0xff,
    0xc9, 0x97, 0x32, 0x7f, 0x00, 0x00, 0x00, 0x00, 0x00, 0x00, 0x00, 0x00,
    0x00, 0x00, 0x00, 0x00, 0x00, 0x00, 0x00, 0x00, 0x00, 0x00, 0x00, 0x00,
    0x00, 0x00, 0x00, 0x00, 0x00, 0x00, 0x00, 0x00, 0x00, 0x00, 0x00, 0x00,
    0x00, 0x00, 0x00, 0x00, 0x00, 0x00, 0x00, 0x00, 0x00, 0x00, 0x00, 0x00,
    0x00, 0x00, 0x00, 0x00, 0x00, 0x00, 0x00, 0x00, 0x00, 0x00, 0x00, 0x00,
    0x00, 0x00, 0x00, 0x00, 0x00, 0x00, 0x00, 0x00, 0x00, 0x00, 0x00, 0x00,
    0x00, 0x00, 0x00, 0x00, 0x00, 0x00, 0x00, 0x00, 0x00, 0x00, 0x00, 0x00,
    0x00, 0x00, 0x00, 0x00, 0x00, 0x00, 0x00, 0x00, 0x00, 0x00, 0x00, 0x00,
    0x00, 0x00, 0x00, 0x00, 0x00, 0x00, 0x00, 0x00, 0x00, 0x00, 0x00, 0x00,
    0x00, 0x00, 0x00, 0x00, 0x00, 0x00, 0x00, 0x00, 0x00, 0x00, 0x00, 0x00,
    0x00, 0x00, 0x00, 0x00, 0x00, 0x00, 0x00, 0x00, 0x70, 0x6a, 0x63, 0x9f,
    0x70, 0x69, 0x63, 0xff, 0x70, 0x69, 0x63, 0xff, 0x70, 0x69, 0x63, 0xff,
    0x70, 0x69, 0x63, 0xff, 0x70, 0x69, 0x63, 0xff, 0x70, 0x69, 0x63, 0xff,
    0x70, 0x68, 0x62, 0x7f, 0x00, 0x00, 0x00, 0x00, 0x00, 0x00, 0x00, 0x00,
    0x00, 0x00, 0x00, 0x00, 0x00, 0x00, 0x00, 0x00, 0x00, 0x00, 0x00, 0x00,
    0x00, 0x00, 0x00, 0x00, 0x00, 0x00, 0x00, 0x00, 0x00, 0x00, 0x00, 0x00,
    0x00, 0x00, 0x00, 0x00, 0x00, 0x00, 0x00, 0x00, 0xc7, 0x97, 0x30, 0x40,
    0xc8, 0x97, 0x32, 0xff, 0xc8, 0x97, 0x32, 0xff, 0xc8, 0x97, 0x32, 0xff,
    0xc8, 0x97, 0x32, 0xff, 0xc8, 0x97, 0x32, 0xff, 0xc8, 0x97, 0x32, 0xff,
    0xc8, 0x97, 0x32, 0xff, 0xc8, 0x97, 0x32, 0xff, 0xc8, 0x97, 0x32, 0xff,
    0xc8, 0x97, 0x32, 0xff, 0xc8, 0x97, 0x32, 0xff, 0xc8, 0x97, 0x32, 0xff,
    0xc8, 0x97, 0x32, 0xff, 0xc8, 0x97, 0x32, 0xff, 0xc8, 0x97, 0x32, 0xff,
    0xc8, 0x97, 0x32, 0xff, 0xc8, 0x97, 0x32, 0xff, 0xc8, 0x97, 0x32, 0xff,
    0xc8, 0x97, 0x32, 0xff, 0xc8, 0x97, 0x32, 0xff, 0xc7, 0x96, 0x32, 0xef,
    0xc7, 0x97, 0x30, 0x20, 0x00, 0x00, 0x00, 0x00, 0x00, 0x00, 0x00, 0x00,
    0x00, 0x00, 0x00, 0x00, 0x00, 0x00, 0x00, 0x00, 0x00, 0x00, 0x00, 0x00,
    0x00, 0x00, 0x00, 0x00, 0x00, 0x00, 0x00, 0x00, 0x00, 0x00, 0x00, 0x00,
    0x00, 0x00, 0x00, 0x00, 0x00, 0x00, 0x00, 0x00, 0x00, 0x00, 0x00, 0x00,
    0x00, 0x00, 0x00, 0x00, 0x00, 0x00, 0x00, 0x00, 0x00, 0x00, 0x00, 0x00,
    0x00, 0x00, 0x00, 0x00, 0x00, 0x00, 0x00, 0x00, 0x00, 0x00, 0x00, 0x00,
    0x00, 0x00, 0x00, 0x00, 0x00, 0x00, 0x00, 0x00, 0x00, 0x00, 0x00, 0x00,
    0x00, 0x00, 0x00, 0x00, 0x00, 0x00, 0x00, 0x00, 0x00, 0x00, 0x00, 0x00,
    0x00, 0x00, 0x00, 0x00, 0x00, 0x00, 0x00, 0x00, 0x00, 0x00, 0x00, 0x00,
    0x00, 0x00, 0x00, 0x00, 0x00, 0x00, 0x00, 0x00, 0x00, 0x00, 0x00, 0x00,
    0x70, 0x65, 0x65, 0x30, 0x70, 0x69, 0x63, 0xff, 0x70, 0x69, 0x63, 0xff,
    0x70, 0x69, 0x63, 0xff, 0x70, 0x69, 0x63, 0xff, 0x70, 0x69, 0x63, 0xff,
    0x70, 0x69, 0x63, 0xff, 0x70, 0x69, 0x63, 0xff, 0x70, 0x69, 0x63, 0xef,
    0x70, 0x70, 0x60, 0x10, 0x00, 0x00, 0x00, 0x00, 0x00, 0x00, 0x00, 0x00,
    0x00, 0x00, 0x00, 0x00, 0x00, 0x00, 0x00, 0x00, 0x00, 0x00, 0x00, 0x00,
    0x00, 0x00, 0x00, 0x00, 0x00, 0x00, 0x00, 0x00, 0x00, 0x00, 0x00, 0x00,
    0x00, 0x00, 0x00, 0x00, 0x00, 0x00, 0x00, 0x00, 0xc8, 0x97, 0x32, 0x9f,
    0xc8, 0x97, 0x32, 0xff, 0xc8, 0x97, 0x32, 0xff, 0xc8, 0x97, 0x32, 0xff,
    0xc8, 0x97, 0x32, 0xff, 0xc8, 0x97, 0x32, 0xff, 0xc8, 0x97, 0x32, 0xff,
    0xc8, 0x97, 0x32, 0xff, 0xc8, 0x97, 0x32, 0xff, 0xc8, 0x97, 0x32, 0xff,
    0xc8, 0x97, 0x32, 0xff, 0xc8, 0x97, 0x32, 0xff, 0xc8, 0x97, 0x32, 0xff,
    0xc8, 0x97, 0x32, 0xff, 0xc8, 0x97, 0x32, 0xff, 0xc8, 0x97, 0x32, 0xff,
    0xc8, 0x97, 0x32, 0xff, 0xc8, 0x97, 0x32, 0xff, 0xc8, 0x97, 0x32, 0xff,
    0xc8, 0x97, 0x32, 0xff, 0xc8, 0x97, 0x32, 0xff, 0xc8, 0x96, 0x31, 0xaf,
    0x00, 0x00, 0x00, 0x00, 0x00, 0x00, 0x00, 0x00, 0x00, 0x00, 0x00, 0x00,
    0x00, 0x00, 0x00, 0x00, 0x00, 0x00, 0x00, 0x00, 0x00, 0x00, 0x00, 0x00,
    0x00, 0x00, 0x00, 0x00, 0x00, 0x00, 0x00, 0x00, 0x00, 0x00, 0x00, 0x00,
    0x00, 0x00, 0x00, 0x00, 0x00, 0x00, 0x00, 0x00, 0x00, 0x00, 0x00, 0x00,
    0x00, 0x00, 0x00, 0x00, 0x00, 0x00, 0x00, 0x00, 0x00, 0x00, 0x00, 0x00,
    0x00, 0x00, 0x00, 0x00, 0x00, 0x00, 0x00, 0x00, 0x00, 0x00, 0x00, 0x00,
    0x00, 0x00, 0x00, 0x00, 0x00, 0x00, 0x00, 0x00, 0x00, 0x00, 0x00, 0x00,
    0x00, 0x00, 0x00, 0x00, 0x00, 0x00, 0x00, 0x00, 0x00, 0x00, 0x00, 0x00,
    0x00, 0x00, 0x00, 0x00, 0x00, 0x00, 0x00, 0x00, 0x00, 0x00, 0x00, 0x00,
    0x00, 0x00, 0x00, 0x00, 0x00, 0x00, 0x00, 0x00, 0x70, 0x69, 0x63, 0xdf,
    0x70, 0x69, 0x63, 0xff, 0x70, 0x69, 0x63, 0xff, 0x70, 0x69, 0x63, 0xff,
    0x70, 0x69, 0x63, 0xff, 0x70, 0x69, 0x63, 0xff, 0x70, 0x69, 0x63, 0xff,
    0x70, 0x69, 0x63, 0xff, 0x70, 0x69, 0x63, 0xff, 0x70, 0x69, 0x64, 0x8f,
    0x00, 0x00, 0x00, 0x00, 0x00, 0x00, 0x00, 0x00, 0x00, 0x00, 0x00, 0x00,
    0x00, 0x00, 0x00, 0x00, 0x00, 0x00, 0x00, 0x00, 0x00, 0x00, 0x00, 0x00,
    0x00, 0x00, 0x00, 0x00, 0x00, 0x00, 0x00, 0x00, 0x00, 0x00, 0x00, 0x00,
    0x00, 0x00, 0x00, 0x00, 0xcf, 0x9f, 0x30, 0x10, 0xc7, 0x96, 0x32, 0xef,
    0xc8, 0x97, 0x32, 0xff, 0xc8, 0x97, 0x32, 0xff, 0xc8, 0x97, 0x32, 0xff,
    0xc8, 0x97, 0x32, 0xff, 0xc8, 0x97, 0x32, 0xff, 0xc8, 0x97, 0x32, 0xff,
    0xc8, 0x97, 0x32, 0xff, 0xc8, 0x97, 0x32, 0xff, 0xc8, 0x97, 0x32, 0xff,
    0xc8, 0x97, 0x32, 0xff, 0xc8, 0x97, 0x32, 0xff, 0xc8, 0x97, 0x32, 0xff,
    0xc8, 0x97, 0x32, 0xff, 0xc8, 0x97, 0x32, 0xff, 0xc8, 0x97, 0x32, 0xff,
    0xc8, 0x97, 0x32, 0xff, 0xc8, 0x97, 0x32, 0xff, 0xc8, 0x97, 0x32, 0xff,
    0xc8, 0x97, 0x32, 0xff, 0xc8, 0x97, 0x32, 0xff, 0xc7, 0x93, 0x30, 0x40,
    0x00, 0x00, 0x00, 0x00, 0x00, 0x00, 0x00, 0x00, 0x00, 0x00, 0x00, 0x00,
    0x00, 0x00, 0x00, 0x00, 0x00, 0x00, 0x00, 0x00, 0x00, 0x00, 0x00, 0x00,
    0x00, 0x00, 0x00, 0x00, 0x00, 0x00, 0x00, 0x00, 0x00, 0x00, 0x00, 0x00,
    0x00, 0x00, 0x00, 0x00, 0x00, 0x00, 0x00, 0x00, 0x00, 0x00, 0x00, 0x00,
    0x00, 0x00, 0x00, 0x00, 0x00, 0x00, 0x00, 0x00, 0x00, 0x00, 0x00, 0x00,
    0x00, 0x00, 0x00, 0x00, 0x00, 0x00, 0x00, 0x00, 0x00, 0x00, 0x00, 0x00,
    0x00, 0x00, 0x00, 0x00, 0x00, 0x00, 0x00, 0x00, 0x00, 0x00, 0x00, 0x00,
    0x00, 0x00, 0x00, 0x00, 0x00, 0x00, 0x00, 0x00, 0x00, 0x00, 0x00, 0x00,
    0x00, 0x00, 0x00, 0x00, 0x00, 0x00, 0x00, 0x00, 0x00, 0x00, 0x00, 0x00,
    0x70, 0x68, 0x62, 0x60, 0x70, 0x69, 0x63, 0xff, 0x70, 0x69, 0x63, 0xff,
    0x70, 0x69, 0x63, 0xff, 0x70, 0x69, 0x63, 0xff, 0x70, 0x69, 0x63, 0xff,
    0x70, 0x69, 0x63, 0xff, 0x70, 0x69, 0x63, 0xff, 0x70, 0x69, 0x63, 0xff,
    0x70, 0x69, 0x63, 0xff, 0x70, 0x69, 0x63, 0xff, 0x70, 0x68, 0x68, 0x20,
    0x00, 0x00, 0x00, 0x00, 0x00, 0x00, 0x00, 0x00, 0x00, 0x00, 0x00, 0x00,
    0x00, 0x00, 0x00, 0x00, 0x00, 0x00, 0x00, 0x00, 0x00, 0x00, 0x00, 0x00,
    0x00, 0x00, 0x00, 0x00, 0x00, 0x00, 0x00, 0x00, 0x00, 0x00, 0x00, 0x00,
    0x00, 0x00, 0x00, 0x00, 0xc9, 0x99, 0x32, 0x7f, 0xc8, 0x97, 0x32, 0xff,
    0xc8, 0x97, 0x32, 0xff, 0xc8, 0x97, 0x32, 0xff, 0xc8, 0x97, 0x32, 0xff,
    0xc8, 0x97, 0x32, 0xff, 0xc8, 0x97, 0x32, 0xff, 0xc8, 0x97, 0x32, 0xff,
    0xc8, 0x97, 0x32, 0xff, 0xc8, 0x97, 0x32, 0xff, 0xc8, 0x97, 0x32, 0xff,
    0xc8, 0x97, 0x32, 0xff, 0xc8, 0x97, 0x32, 0xff, 0xc8, 0x97, 0x32, 0xff,
    0xc8, 0x97, 0x32, 0xff, 0xc8, 0x97, 0x32, 0xff, 0xc8, 0x97, 0x32, 0xff,
    0xc8, 0x97, 0x32, 0xff, 0xc8, 0x97, 0x32, 0xff, 0xc8, 0x97, 0x32, 0xff,
    0xc8, 0x97, 0x32, 0xff, 0xc8, 0x97, 0x31, 0xbf, 0x00, 0x00, 0x00, 0x00,
    0x00, 0x00, 0x00, 0x00, 0x00, 0x00, 0x00, 0x00, 0x00, 0x00, 0x00, 0x00,
    0x00, 0x00, 0x00, 0x00, 0x00, 0x00, 0x00, 0x00, 0x00, 0x00, 0x00, 0x00,
    0x00, 0x00, 0x00, 0x00, 0x00, 0x00, 0x00, 0x00, 0x00, 0x00, 0x00, 0x00,
    0x00, 0x00, 0x00, 0x00, 0x00, 0x00, 0x00, 0x00, 0x00, 0x00, 0x00, 0x00,
    0x00, 0x00, 0x00, 0x00, 0x00, 0x00, 0x00, 0x00, 0x00, 0x00, 0x00, 0x00,
    0x00, 0x00, 0x00, 0x00, 0x00, 0x00, 0x00, 0x00, 0x00, 0x00, 0x00, 0x00,
    0x00, 0x00, 0x00, 0x00, 0x00, 0x00, 0x00, 0x00, 0x00, 0x00, 0x00, 0x00,
    0x00, 0x00, 0x00, 0x00, 0x00, 0x00, 0x00, 0x00, 0x00, 0x00, 0x00, 0x00,
    0x00, 0x00, 0x00, 0x00, 0x00, 0x00, 0x00, 0x00, 0x70, 0x69, 0x63, 0xdf,
    0x70, 0x69, 0x63, 0xff, 0x70, 0x69, 0x63, 0xff, 0x70, 0x69, 0x63, 0xff,
    0x70, 0x69, 0x63, 0xff, 0x70, 0x69, 0x63, 0xff, 0x70, 0x69, 0x63, 0xff,
    0x70, 0x69, 0x63, 0xff, 0x70, 0x69, 0x63, 0xff, 0x70, 0x69, 0x63, 0xff,
    0x70, 0x69, 0x63, 0xff, 0x70, 0x69, 0x63, 0xbf, 0x00, 0x00, 0x00, 0x00,
    0x00, 0x00, 0x00, 0x00, 0x00, 0x00, 0x00, 0x00, 0x00, 0x00, 0x00, 0x00,
    0x00, 0x00, 0x00, 0x00, 0x00, 0x00, 0x00, 0x00, 0x00, 0x00, 0x00, 0x00,
    0x00, 0x00, 0x00, 0x00, 0x00, 0x00, 0x00, 0x00, 0x00, 0x00, 0x00, 0x00,
    0xcf, 0x9f, 0x30, 0x10, 0xc8, 0x97, 0x31, 0xdf, 0xc8, 0x97, 0x32, 0xff,
    0xc8, 0x97, 0x32, 0xff, 0xc8, 0x97, 0x32, 0xff, 0xc8, 0x97, 0x32, 0xff,
    0xc8, 0x97, 0x32, 0xff, 0xc8, 0x97, 0x32, 0xff, 0xc8, 0x97, 0x32, 0xff,
    0xc8, 0x97, 0x32, 0xff, 0xc8, 0x97, 0x32, 0xff, 0xc8, 0x97, 0x32, 0xff,
    0xc8, 0x97, 0x32, 0xff, 0xc8, 0x97, 0x32, 0xff, 0xc8, 0x97, 0x32, 0xff,
    0xc8, 0x97, 0x32, 0xff, 0xc8, 0x97, 0x32, 0xff, 0xc8, 0x97, 0x32, 0xff,
    0xc8, 0x97, 0x32, 0xff, 0xc8, 0x97, 0x32, 0xff, 0xc8, 0x97, 0x32, 0xff,
    0xc8, 0x97, 0x32, 0xff, 0xc9, 0x96, 0x30, 0x50, 0x00, 0x00, 0x00, 0x00,
    0x00, 0x00, 0x00, 0x00, 0x00, 0x00, 0x00, 0x00, 0x00, 0x00, 0x00, 0x00,
    0x00, 0x00, 0x00, 0x00, 0x00, 0x00, 0x00, 0x00, 0x00, 0x00, 0x00, 0x00,
    0x00, 0x00, 0x00, 0x00, 0x00, 0x00, 0x00, 0x00, 0x00, 0x00, 0x00, 0x00,
    0x00, 0x00, 0x00, 0x00, 0x00, 0x00, 0x00, 0x00, 0x00, 0x00, 0x00, 0x00,
    0x00, 0x00, 0x00, 0x00, 0x00, 0x00, 0x00, 0x00, 0x00, 0x00, 0x00, 0x00,
    0x00, 0x00, 0x00, 0x00, 0x00, 0x00, 0x00, 0x00, 0x00, 0x00, 0x00, 0x00,
    0x00, 0x00, 0x00, 0x00, 0x00, 0x00, 0x00, 0x00, 0x00, 0x00, 0x00, 0x00,
    0x00, 0x00, 0x00, 0x00, 0x00, 0x00, 0x00, 0x00, 0x00, 0x00, 0x00, 0x00,
    0x70, 0x69, 0x64, 0x70, 0x70, 0x69, 0x63, 0xff, 0x70, 0x69, 0x63, 0xff,
    0x70, 0x69, 0x63, 0xff, 0x70, 0x69, 0x63, 0xff, 0x70, 0x69, 0x63, 0xff,
    0x70, 0x69, 0x63, 0xff, 0x70, 0x69, 0x63, 0xff, 0x70, 0x69, 0x63, 0xff,
    0x70, 0x69, 0x63, 0xff, 0x70, 0x69, 0x63, 0xff, 0x70, 0x69, 0x63, 0xff,
    0x70, 0x69, 0x63, 0xff, 0x70, 0x68, 0x64, 0x40, 0x00, 0x00, 0x00, 0x00,
    0x00, 0x00, 0x00, 0x00, 0x00, 0x00, 0x00, 0x00, 0x00, 0x00, 0x00, 0x00,
    0x00, 0x00, 0x00, 0x00, 0x00, 0x00, 0x00, 0x00, 0x00, 0x00, 0x00, 0x00,
    0x00, 0x00, 0x00, 0x00, 0x00, 0x00, 0x00, 0x00, 0x00, 0x00, 0x00, 0x00,
    0xc7, 0x95, 0x30, 0x60, 0xc8, 0x97, 0x32, 0xff, 0xc8, 0x97, 0x32, 0xff,
    0xc8, 0x97, 0x32, 0xff, 0xc8, 0x97, 0x32, 0xff, 0xc8, 0x97, 0x32, 0xff,
    0xc8, 0x97, 0x32, 0xff, 0xc8, 0x97, 0x32, 0xff, 0xc8, 0x97, 0x32, 0xff,
    0xc8, 0x97, 0x32, 0xff, 0xc8, 0x97, 0x32, 0xff, 0xc8, 0x97, 0x32, 0xff,
    0xc8, 0x97, 0x32, 0xff, 0xc8, 0x97, 0x32, 0xff, 0xc8, 0x97, 0x32, 0xff,
    0xc8, 0x97, 0x32, 0xff, 0xc8, 0x97, 0x32, 0xff, 0xc8, 0x97, 0x32, 0xff,
    0xc8, 0x97, 0x32, 0xff, 0xc8, 0x97, 0x32, 0xff, 0xc8, 0x97, 0x32, 0xff,
    0xc8, 0x97, 0x32, 0xdf, 0xcf, 0x9f, 0x30, 0x10, 0x00, 0x00, 0x00, 0x00,
    0x00, 0x00, 0x00, 0x00, 0x00, 0x00, 0x00, 0x00, 0x00, 0x00, 0x00, 0x00,
    0x00, 0x00, 0x00, 0x00, 0x00, 0x00, 0x00, 0x00, 0x00, 0x00, 0x00, 0x00,
    0x00, 0x00, 0x00, 0x00, 0x00, 0x00, 0x00, 0x00, 0x00, 0x00, 0x00, 0x00,
    0x00, 0x00, 0x00, 0x00, 0x00, 0x00, 0x00, 0x00, 0x00, 0x00, 0x00, 0x00,
    0x00, 0x00, 0x00, 0x00, 0x00, 0x00, 0x00, 0x00, 0x00, 0x00, 0x00, 0x00,
    0x00, 0x00, 0x00, 0x00, 0x00, 0x00, 0x00, 0x00, 0x00, 0x00, 0x00, 0x00,
    0x00, 0x00, 0x00, 0x00, 0x00, 0x00, 0x00, 0x00, 0x00, 0x00, 0x00, 0x00,
    0x00, 0x00, 0x00, 0x00, 0x70, 0x68, 0x68, 0x20, 0x70, 0x69, 0x63, 0xdf,
    0x70, 0x69, 0x63, 0xff, 0x70, 0x69, 0x63, 0xff, 0x70, 0x69, 0x63, 0xff,
    0x70, 0x69, 0x63, 0xff, 0x70, 0x69, 0x63, 0xff, 0x70, 0x69, 0x63, 0xff,
    0x70, 0x69, 0x63, 0xff, 0x70, 0x69, 0x63, 0xff, 0x70, 0x69, 0x63, 0xff,
    0x70, 0x69, 0x63, 0xff, 0x70, 0x69, 0x63, 0xff, 0x70, 0x69, 0x63, 0xff,
    0x70, 0x69, 0x63, 0xbf, 0x00, 0x00, 0x00, 0x00, 0x00, 0x00, 0x00, 0x00,
    0x00, 0x00, 0x00, 0x00, 0x00, 0x00, 0x00, 0x00, 0x00, 0x00, 0x00, 0x00,
    0x00, 0x00, 0x00, 0x00, 0x00, 0x00, 0x00, 0x00, 0x00, 0x00, 0x00, 0x00,
    0x00, 0x00, 0x00, 0x00, 0x00, 0x00, 0x00, 0x00, 0x00, 0x00, 0x00, 0x00,
    0xc8, 0x97, 0x31, 0xbf, 0xc8, 0x97, 0x32, 0xff, 0xc8, 0x97, 0x32, 0xff,
    0xc8, 0x97, 0x32, 0xff, 0xc8, 0x97, 0x32, 0xff, 0xc8, 0x97, 0x32, 0xff,
    0xc8, 0x97, 0x32, 0xff, 0xc8, 0x97, 0x32, 0xff, 0xc8, 0x97, 0x32, 0xff,
    0xc8, 0x97, 0x32, 0xff, 0xc8, 0x97, 0x32, 0xff, 0xc8, 0x97, 0x32, 0xff,
    0xc8, 0x97, 0x32, 0xff, 0xc8, 0x97, 0x32, 0xff, 0xc8, 0x97, 0x32, 0xff,
    0xc8, 0x97, 0x32, 0xff, 0xc8, 0x97, 0x32, 0xff, 0xc8, 0x97, 0x32, 0xff,
    0xc8, 0x97, 0x32, 0xff, 0xc8, 0x97, 0x32, 0xff, 0xc8, 0x97, 0x32, 0xff,
    0xc9, 0x97, 0x32, 0x7f, 0x00, 0x00, 0x00, 0x00, 0x00, 0x00, 0x00, 0x00,
    0x00, 0x00, 0x00, 0x00, 0x00, 0x00, 0x00, 0x00, 0x00, 0x00, 0x00, 0x00,
    0x00, 0x00, 0x00, 0x00, 0x00, 0x00, 0x00, 0x00, 0x00, 0x00, 0x00, 0x00,
    0x00, 0x00, 0x00, 0x00, 0x00, 0x00, 0x00, 0x00, 0x00, 0x00, 0x00, 0x00,
    0x00, 0x00, 0x00, 0x00, 0x00, 0x00, 0x00, 0x00, 0x00, 0x00, 0x00, 0x00,
    0x00, 0x00, 0x00, 0x00, 0x00, 0x00, 0x00, 0x00, 0x00, 0x00, 0x00, 0x00,
    0x00, 0x00, 0x00, 0x00, 0x00, 0x00, 0x00, 0x00, 0x00, 0x00, 0x00, 0x00,
    0x00, 0x00, 0x00, 0x00, 0x00, 0x00, 0x00, 0x00, 0x00, 0x00, 0x00, 0x00,
    0x70, 0x6a, 0x63, 0x9f, 0x70, 0x69, 0x63, 0xff, 0x70, 0x69, 0x63, 0xff,
    0x70, 0x69, 0x63, 0xff, 0x70, 0x69, 0x63, 0xff, 0x70, 0x69, 0x63, 0xff,
    0x70, 0x69, 0x63, 0xff, 0x70, 0x69, 0x63, 0xff, 0x70, 0x69, 0x63, 0xff,
    0x70, 0x69, 0x63, 0xff, 0x70, 0x69, 0x63, 0xff, 0x70, 0x69, 0x63, 0xff,
    0x70, 0x69, 0x63, 0xff, 0x70, 0x69, 0x63, 0xff, 0x70, 0x69, 0x63, 0xff,
    0x71, 0x69, 0x63, 0x5f, 0x00, 0x00, 0x00, 0x00, 0x00, 0x00, 0x00, 0x00,
    0x00, 0x00, 0x00, 0x00, 0x00, 0x00, 0x00, 0x00, 0x00, 0x00, 0x00, 0x00,
    0x00, 0x00, 0x00, 0x00, 0x00, 0x00, 0x00, 0x00, 0x00, 0x00, 0x00, 0x00,
    0x00, 0x00, 0x00, 0x00, 0x00, 0x00, 0x00, 0x00, 0xc7, 0x97, 0x30, 0x40,
    0xc8, 0x97, 0x32, 0xff, 0xc8, 0x97, 0x32, 0xff, 0xc8, 0x97, 0x32, 0xff,
    0xc8, 0x97, 0x32, 0xff, 0xc8, 0x97, 0x32, 0xff, 0xc8, 0x97, 0x32, 0xff,
    0xc8, 0x97, 0x32, 0xff, 0xc8, 0x97, 0x32, 0xff, 0xc8, 0x97, 0x32, 0xff,
    0xc8, 0x97, 0x32, 0xff, 0xc8, 0x97, 0x32, 0xff, 0xc8, 0x97, 0x32, 0xff,
    0xc8, 0x97, 0x32, 0xff, 0xc8, 0x97, 0x32, 0xff, 0xc8, 0x97, 0x32, 0xff,
    0xc8, 0x97, 0x32, 0xff, 0xc8, 0x97, 0x32, 0xff, 0xc8, 0x97, 0x32, 0xff,
    0xc8, 0x97, 0x32, 0xff, 0xc8, 0x97, 0x32, 0xff, 0xc7, 0x96, 0x32, 0xef,
    0xcf, 0x9f, 0x30, 0x10, 0x00, 0x00, 0x00, 0x00, 0x00, 0x00, 0x00, 0x00,
    0x00, 0x00, 0x00, 0x00, 0x00, 0x00, 0x00, 0x00, 0x00, 0x00, 0x00, 0x00,
    0x00, 0x00, 0x00, 0x00, 0x00, 0x00, 0x00, 0x00, 0x00, 0x00, 0x00, 0x00,
    0x00, 0x00, 0x00, 0x00, 0x00, 0x00, 0x00, 0x00, 0x00, 0x00, 0x00, 0x00,
    0x00, 0x00, 0x00, 0x00, 0x00, 0x00, 0x00, 0x00, 0x00, 0x00, 0x00, 0x00,
    0x00, 0x00, 0x00, 0x00, 0x00, 0x00, 0x00, 0x00, 0x00, 0x00, 0x00, 0x00,
    0x00, 0x00, 0x00, 0x00, 0x00, 0x00, 0x00, 0x00, 0x00, 0x00, 0x00, 0x00,
    0x00, 0x00, 0x00, 0x00, 0x70, 0x68, 0x68, 0x20, 0x70, 0x69, 0x63, 0xff,
    0x70, 0x69, 0x63, 0xff, 0x70, 0x69, 0x63, 0xff, 0x70, 0x69, 0x63, 0xff,
    0x70, 0x69, 0x63, 0xff, 0x70, 0x69, 0x63, 0xff, 0x70, 0x69, 0x63, 0xff,
    0x70, 0x69, 0x63, 0xff, 0x70, 0x69, 0x63, 0xff, 0x70, 0x69, 0x63, 0xff,
    0x70, 0x69, 0x63, 0xff, 0x70, 0x69, 0x63, 0xff, 0x70, 0x69, 0x63, 0xff,
    0x70, 0x69, 0x63, 0xff, 0x70, 0x69, 0x63, 0xff, 0x70, 0x69, 0x63, 0xdf,
    0x70, 0x70, 0x60, 0x10, 0x00, 0x00, 0x00, 0x00, 0x00, 0x00, 0x00, 0x00,
    0x00, 0x00, 0x00, 0x00, 0x00, 0x00, 0x00, 0x00, 0x00, 0x00, 0x00, 0x00,
    0x00, 0x00, 0x00, 0x00, 0x00, 0x00, 0x00, 0x00, 0x00, 0x00, 0x00, 0x00,
    0x00, 0x00, 0x00, 0x00, 0x00, 0x00, 0x00, 0x00, 0xc8, 0x97, 0x31, 0xbf,
    0xc8, 0x97, 0x32, 0xff, 0xc8, 0x97, 0x32, 0xff, 0xc8, 0x97, 0x32, 0xff,
    0xc8, 0x97, 0x32, 0xff, 0xc8, 0x97, 0x32, 0xff, 0xc8, 0x97, 0x32, 0xff,
    0xc8, 0x97, 0x32, 0xff, 0xc8, 0x97, 0x32, 0xff, 0xc8, 0x97, 0x32, 0xff,
    0xc8, 0x97, 0x32, 0xff, 0xc8, 0x97, 0x32, 0xff, 0xc8, 0x97, 0x32, 0xff,
    0xc8, 0x97, 0x32, 0xff, 0xc8, 0x97, 0x32, 0xff, 0xc8, 0x97, 0x32, 0xff,
    0xc8, 0x97, 0x32, 0xff, 0xc8, 0x97, 0x32, 0xff, 0xc8, 0x97, 0x32, 0xff,
    0xc8, 0x97, 0x32, 0xff, 0xc8, 0x97, 0x32, 0xff, 0xc8, 0x96, 0x32, 0x8f,
    0x00, 0x00, 0x00, 0x00, 0x00, 0x00, 0x00, 0x00, 0x00, 0x00, 0x00, 0x00,
    0x00, 0x00, 0x00, 0x00, 0x00, 0x00, 0x00, 0x00, 0x00, 0x00, 0x00, 0x00,
    0x00, 0x00, 0x00, 0x00, 0x00, 0x00, 0x00, 0x00, 0x00, 0x00, 0x00, 0x00,
    0x00, 0x00, 0x00, 0x00, 0x00, 0x00, 0x00, 0x00, 0x00, 0x00, 0x00, 0x00,
    0x00, 0x00, 0x00, 0x00, 0x00, 0x00, 0x00, 0x00, 0x00, 0x00, 0x00, 0x00,
    0x00, 0x00, 0x00, 0x00, 0x00, 0x00, 0x00, 0x00, 0x00, 0x00, 0x00, 0x00,
    0x00, 0x00, 0x00, 0x00, 0x00, 0x00, 0x00, 0x00, 0x00, 0x00, 0x00, 0x00,
    0x70, 0x6a, 0x63, 0x9f, 0x70, 0x69, 0x63, 0xff, 0x70, 0x69, 0x63, 0xff,
    0x70, 0x69, 0x63, 0xff, 0x70, 0x69, 0x63, 0xff, 0x70, 0x69, 0x63, 0xff,
    0x70, 0x69, 0x63, 0xff, 0x70, 0x69, 0x63, 0xff, 0x70, 0x69, 0x63, 0xff,
    0x70, 0x69, 0x63, 0xff, 0x70, 0x69, 0x63, 0xff, 0x70, 0x69, 0x63, 0xff,
    0x70, 0x69, 0x63, 0xff, 0x70, 0x69, 0x63, 0xff, 0x70, 0x69, 0x63, 0xff,
    0x70, 0x69, 0x63, 0xff, 0x70, 0x69, 0x63, 0xff, 0x70, 0x68, 0x62, 0x7f,
    0x00, 0x00, 0x00, 0x00, 0x00, 0x00, 0x00, 0x00, 0x00, 0x00, 0x00, 0x00,
    0x00, 0x00, 0x00, 0x00, 0x00, 0x00, 0x00, 0x00, 0x00, 0x00, 0x00, 0x00,
    0x00, 0x00, 0x00, 0x00, 0x00, 0x00, 0x00, 0x00, 0x00, 0x00, 0x00, 0x00,
    0x00, 0x00, 0x00, 0x00, 0xc7, 0x97, 0x30, 0x20, 0xc8, 0x97, 0x32, 0xff,
    0xc8, 0x97, 0x32, 0xff, 0xc8, 0x97, 0x32, 0xff, 0xc8, 0x97, 0x32, 0xff,
    0xc8, 0x97, 0x32, 0xff, 0xc8, 0x97, 0x32, 0xff, 0xc8, 0x97, 0x32, 0xff,
    0xc8, 0x97, 0x32, 0xff, 0xc8, 0x97, 0x32, 0xff, 0xc8, 0x97, 0x32, 0xff,
    0xc8, 0x97, 0x32, 0xff, 0xc8, 0x97, 0x32, 0xff, 0xc8, 0x97, 0x32, 0xff,
    0xc8, 0x97, 0x32, 0xff, 0xc8, 0x97, 0x32, 0xff, 0xc8, 0x97, 0x32, 0xff,
    0xc8, 0x97, 0x32, 0xff, 0xc8, 0x97, 0x32, 0xff, 0xc8, 0x97, 0x32, 0xff,
    0xc8, 0x97, 0x32, 0xff, 0xc8, 0x97, 0x32, 0xff, 0xc7, 0x97, 0x30, 0x20,
    0x00, 0x00, 0x00, 0x00, 0x00, 0x00, 0x00, 0x00, 0x00, 0x00, 0x00, 0x00,
    0x00, 0x00, 0x00, 0x00, 0x00, 0x00, 0x00, 0x00, 0x00, 0x00, 0x00, 0x00,
    0x00, 0x00, 0x00, 0x00, 0x00, 0x00, 0x00, 0x00, 0x00, 0x00, 0x00, 0x00,
    0x00, 0x00, 0x00, 0x00, 0x00, 0x00, 0x00, 0x00, 0x00, 0x00, 0x00, 0x00,
    0x00, 0x00, 0x00, 0x00, 0x00, 0x00, 0x00, 0x00, 0x00, 0x00, 0x00, 0x00,
    0x00, 0x00, 0x00, 0x00, 0x00, 0x00, 0x00, 0x00, 0x00, 0x00, 0x00, 0x00,
    0x00, 0x00, 0x00, 0x00, 0x70, 0x65, 0x65, 0x30, 0x70, 0x69, 0x63, 0xff,
    0x70, 0x69, 0x63, 0xff, 0x70, 0x69, 0x63, 0xff, 0x70, 0x69, 0x63, 0xff,
    0x70, 0x69, 0x63, 0xff, 0x70, 0x69, 0x63, 0xff, 0x70, 0x69, 0x63, 0xff,
    0x70, 0x69, 0x63, 0xff, 0x70, 0x69, 0x63, 0xff, 0x70, 0x69, 0x63, 0xff,
    0x70, 0x69, 0x63, 0xff, 0x70, 0x69, 0x63, 0xff, 0x70, 0x69, 0x63, 0xff,
    0x70, 0x69, 0x63, 0xff, 0x70, 0x69, 0x63, 0xff, 0x70, 0x69, 0x63, 0xff,
    0x70, 0x69, 0x63, 0xff, 0x70, 0x69, 0x63, 0xef, 0x70, 0x70, 0x60, 0x10,
    0x00, 0x00, 0x00, 0x00, 0x00, 0x00, 0x00, 0x00, 0x00, 0x00, 0x00, 0x00,
    0x00, 0x00, 0x00, 0x00, 0x00, 0x00, 0x00, 0x00, 0x00, 0x00, 0x00, 0x00,
    0x00, 0x00, 0x00, 0x00, 0x00, 0x00, 0x00, 0x00, 0x00, 0x00, 0x00, 0x00,
    0x00, 0x00, 0x00, 0x00, 0xc9, 0x99, 0x32, 0x7f, 0xc8, 0x97, 0x32, 0xff,
    0xc8, 0x97, 0x32, 0xff, 0xc8, 0x97, 0x32, 0xff, 0xc8, 0x97, 0x32, 0xff,
    0xc8, 0x97, 0x32, 0xff, 0xc8, 0x97, 0x32, 0xff, 0xc8, 0x97, 0x32, 0xff,
    0xc8, 0x97, 0x32, 0xff, 0xc8, 0x97, 0x32, 0xff, 0xc8, 0x97, 0x32, 0xff,
    0xc8, 0x97, 0x32, 0xff, 0xc8, 0x97, 0x32, 0xff, 0xc8, 0x97, 0x32, 0xff,
    0xc8, 0x97, 0x32, 0xff, 0xc8, 0x97, 0x32, 0xff, 0xc8, 0x97, 0x32, 0xff,
    0xc8, 0x97, 0x32, 0xff, 0xc8, 0x97, 0x32, 0xff, 0xc8, 0x97, 0x32, 0xff,
    0xc8, 0x97, 0x32, 0xff, 0xc8, 0x97, 0x31, 0xbf, 0x00, 0x00, 0x00, 0x00,
    0x00, 0x00, 0x00, 0x00, 0x00, 0x00, 0x00, 0x00, 0x00, 0x00, 0x00, 0x00,
    0x00, 0x00, 0x00, 0x00, 0x00, 0x00, 0x00, 0x00, 0x00, 0x00, 0x00, 0x00,
    0x00, 0x00, 0x00, 0x00, 0x00, 0x00, 0x00, 0x00, 0x00, 0x00, 0x00, 0x00,
    0x00, 0x00, 0x00, 0x00, 0x00, 0x00, 0x00, 0x00, 0x00, 0x00, 0x00, 0x00,
    0x00, 0x00, 0x00, 0x00, 0x00, 0x00, 0x00, 0x00, 0x00, 0x00, 0x00, 0x00,
    0x00, 0x00, 0x00, 0x00, 0x00, 0x00, 0x00, 0x00, 0x00, 0x00, 0x00, 0x00,
    0x70, 0x69, 0x63, 0xdf, 0x70, 0x69, 0x63, 0xff, 0x70, 0x69, 0x63, 0xff,
    0x70, 0x69, 0x63, 0xff, 0x70, 0x69, 0x63, 0xff, 0x70, 0x69, 0x63, 0xff,
    0x70, 0x69, 0x63, 0xff, 0x70, 0x69, 0x63, 0xff, 0x70, 0x69, 0x63, 0xff,
    0x70, 0x69, 0x63, 0xff, 0x70, 0x69, 0x63, 0xff, 0x70, 0x69, 0x63, 0xff,
    0x70, 0x69, 0x63, 0xff, 0x70, 0x69, 0x63, 0xff, 0x70, 0x69, 0x63, 0xff,
    0x70, 0x69, 0x63, 0xff, 0x70, 0x69, 0x63, 0xff, 0x70, 0x69, 0x63, 0xff,
    0x70, 0x69, 0x63, 0xff, 0x70, 0x68, 0x62, 0x7f, 0x00, 0x00, 0x00, 0x00,
    0x00, 0x00, 0x00, 0x00, 0x00, 0x00, 0x00, 0x00, 0x00, 0x00, 0x00, 0x00,
    0x00, 0x00, 0x00, 0x00, 0x00, 0x00, 0x00, 0x00, 0x00, 0x00, 0x00, 0x00,
    0x00, 0x00, 0x00, 0x00, 0x00, 0x00, 0x00, 0x00, 0x00, 0x00, 0x00, 0x00,
    0xcf, 0x9f, 0x30, 0x10, 0xc7, 0x96, 0x32, 0xef, 0xc8, 0x97, 0x32, 0xff,
    0xc8, 0x97, 0x32, 0xff, 0xc8, 0x97, 0x32, 0xff, 0xc8, 0x97, 0x32, 0xff,
    0xc8, 0x97, 0x32, 0xff, 0xc8, 0x97, 0x32, 0xff, 0xc8, 0x97, 0x32, 0xff,
    0xc8, 0x97, 0x32, 0xff, 0xc8, 0x97, 0x32, 0xff, 0xc8, 0x97, 0x32, 0xff,
    0xc8, 0x97, 0x32, 0xff, 0xc8, 0x97, 0x32, 0xff, 0xc8, 0x97, 0x32, 0xff,
    0xc8, 0x97, 0x32, 0xff, 0xc8, 0x97, 0x32, 0xff, 0xc8, 0x97, 0x32, 0xff,
    0xc8, 0x97, 0x32, 0xff, 0xc8, 0x97, 0x32, 0xff, 0xc8, 0x97, 0x32, 0xff,
    0xc8, 0x97, 0x32, 0xff, 0xc7, 0x93, 0x30, 0x40, 0x00, 0x00, 0x00, 0x00,
    0x00, 0x00, 0x00, 0x00, 0x00, 0x00, 0x00, 0x00, 0x00, 0x00, 0x00, 0x00,
    0x00, 0x00, 0x00, 0x00, 0x00, 0x00, 0x00, 0x00, 0x00, 0x00, 0x00, 0x00,
    0x00, 0x00, 0x00, 0x00, 0x00, 0x00, 0x00, 0x00, 0x00, 0x00, 0x00, 0x00,
    0x00, 0x00, 0x00, 0x00, 0x00, 0x00, 0x00, 0x00, 0x00, 0x00, 0x00, 0x00,
    0x00, 0x00, 0x00, 0x00, 0x00, 0x00, 0x00, 0x00, 0x00, 0x00, 0x00, 0x00,
    0x00, 0x00, 0x00, 0x00, 0x70, 0x68, 0x62, 0x60, 0x70, 0x69, 0x63, 0xff,
    0x70, 0x69, 0x63, 0xff, 0x70, 0x69, 0x63, 0xff, 0x70, 0x69, 0x63, 0xff,
    0x70, 0x69, 0x63, 0xff, 0x70, 0x69, 0x63, 0xff, 0x70, 0x69, 0x63, 0xff,
    0x70, 0x69, 0x63, 0xff, 0x70, 0x69, 0x63, 0xff, 0x70, 0x69, 0x63, 0xff,
    0x70, 0x69, 0x63, 0xff, 0x70, 0x69, 0x63, 0xff, 0x70, 0x69, 0x63, 0xff,
    0x70, 0x69, 0x63, 0xff, 0x70, 0x69, 0x63, 0xff, 0x70, 0x69, 0x63, 0xff,
    0x70, 0x69, 0x63, 0xff, 0x70, 0x69, 0x63, 0xff, 0x70, 0x69, 0x63, 0xff,
    0x70, 0x69, 0x63, 0xef, 0x00, 0x00, 0x00, 0x00, 0x00, 0x00, 0x00, 0x00,
    0x00, 0x00, 0x00, 0x00, 0x00, 0x00, 0x00, 0x00, 0x00, 0x00, 0x00, 0x00,
    0x00, 0x00, 0x00, 0x00, 0x00, 0x00, 0x00, 0x00, 0x00, 0x00, 0x00, 0x00,
    0x00, 0x00, 0x00, 0x00, 0x00, 0x00, 0x00, 0x00, 0x00, 0x00, 0x00, 0x00,
    0xc9, 0x99, 0x32, 0x7f, 0xc8, 0x97, 0x32, 0xff, 0xc8, 0x97, 0x32, 0xff,
    0xc8, 0x97, 0x32, 0xff, 0xc8, 0x97, 0x32, 0xff, 0xc8, 0x97, 0x32, 0xff,
    0xc8, 0x97, 0x32, 0xff, 0xc8, 0x97, 0x32, 0xff, 0xc8, 0x97, 0x32, 0xff,
    0xc8, 0x97, 0x32, 0xff, 0xc8, 0x97, 0x32, 0xff, 0xc8, 0x97, 0x32, 0xff,
    0xc8, 0x97, 0x32, 0xff, 0xc8, 0x97, 0x32, 0xff, 0xc8, 0x97, 0x32, 0xff,
    0xc8, 0x97, 0x32, 0xff, 0xc8, 0x97, 0x32, 0xff, 0xc8, 0x97, 0x32, 0xff,
    0xc8, 0x97, 0x32, 0xff, 0xc8, 0x97, 0x32, 0xff, 0xc8, 0x97, 0x32, 0xff,
    0xc9, 0x97, 0x31, 0xcf, 0x00, 0x00, 0x00, 0x00, 0x00, 0x00, 0x00, 0x00,
    0x00, 0x00, 0x00, 0x00, 0x00, 0x00, 0x00, 0x00, 0x00, 0x00, 0x00, 0x00,
    0x00, 0x00, 0x00, 0x00, 0x00, 0x00, 0x00, 0x00, 0x00, 0x00, 0x00, 0x00,
    0x00, 0x00, 0x00, 0x00, 0x00, 0x00, 0x00, 0x00, 0x00, 0x00, 0x00, 0x00,
    0x00, 0x00, 0x00, 0x00, 0x00, 0x00, 0x00, 0x00, 0x00, 0x00, 0x00, 0x00,
    0x00, 0x00, 0x00, 0x00, 0x00, 0x00, 0x00, 0x00, 0x00, 0x00, 0x00, 0x00,
    0x70, 0x69, 0x63, 0xdf, 0x70, 0x69, 0x63, 0xff, 0x70, 0x69, 0x63, 0xff,
    0x70, 0x69, 0x63, 0xff, 0x70, 0x69, 0x63, 0xff, 0x70, 0x69, 0x63, 0xff,
    0x70, 0x69, 0x63, 0xff, 0x70, 0x69, 0x63, 0xff, 0x70, 0x69, 0x63, 0xff,
    0x70, 0x69, 0x63, 0xff, 0x70, 0x69, 0x63, 0xff, 0x70, 0x69, 0x63, 0xff,
    0x70, 0x69, 0x63, 0xff, 0x70, 0x69, 0x63, 0xff, 0x70, 0x69, 0x63, 0xff,
    0x70, 0x69, 0x63, 0xff, 0x70, 0x69, 0x63, 0xff, 0x70, 0x69, 0x63, 0xff,
    0x70, 0x69, 0x63, 0xff, 0x70, 0x69, 0x63, 0xff, 0x70, 0x69, 0x63, 0xff,
    0x00, 0x00, 0x00, 0x00, 0x00, 0x00, 0x00, 0x00, 0x00, 0x00, 0x00, 0x00,
    0x00, 0x00, 0x00, 0x00, 0x00, 0x00, 0x00, 0x00, 0x00, 0x00, 0x00, 0x00,
    0x00, 0x00, 0x00, 0x00, 0x00, 0x00, 0x00, 0x00, 0x00, 0x00, 0x00, 0x00,
    0x00, 0x00, 0x00, 0x00, 0x00, 0x00, 0x00, 0x00, 0x00, 0x00, 0x00, 0x00,
    0xc8, 0x97, 0x31, 0xdf, 0xc8, 0x97, 0x32, 0xff, 0xc8, 0x97, 0x32, 0xff,
    0xc8, 0x97, 0x32, 0xff, 0xc8, 0x97, 0x32, 0xff, 0xc8, 0x97, 0x32, 0xff,
    0xc8, 0x97, 0x32, 0xff, 0xc8, 0x97, 0x32, 0xff, 0xc8, 0x97, 0x32, 0xff,
    0xc8, 0x97, 0x32, 0xff, 0xc8, 0x97, 0x32, 0xff, 0xc8, 0x97, 0x32, 0xff,
    0xc8, 0x97, 0x32, 0xff, 0xc8, 0x97, 0x32, 0xff, 0xc8, 0x97, 0x32, 0xff,
    0xc8, 0x97, 0x32, 0xff, 0xc8, 0x97, 0x32, 0xff, 0xc8, 0x97, 0x32, 0xff,
    0xc8, 0x97, 0x32, 0xff, 0xc8, 0x97, 0x32, 0xff, 0xc8, 0x97, 0x32, 0xff,
    0xc6, 0x96, 0x32, 0x70, 0x00, 0x00, 0x00, 0x00, 0x00, 0x00, 0x00, 0x00,
    0x00, 0x00, 0x00, 0x00, 0x00, 0x00, 0x00, 0x00, 0x00, 0x00, 0x00, 0x00,
    0x00, 0x00, 0x00, 0x00, 0x00, 0x00, 0x00, 0x00, 0x00, 0x00, 0x00, 0x00,
    0x00, 0x00, 0x00, 0x00, 0x00, 0x00, 0x00, 0x00, 0x00, 0x00, 0x00, 0x00,
    0x00, 0x00, 0x00, 0x00, 0x00, 0x00, 0x00, 0x00, 0x00, 0x00, 0x00, 0x00,
    0x00, 0x00, 0x00, 0x00, 0x70, 0x69, 0x64, 0x70, 0x70, 0x69, 0x63, 0xff,
    0x70, 0x69, 0x63, 0xff, 0x70, 0x69, 0x63, 0xff, 0x70, 0x69, 0x63, 0xff,
    0x70, 0x69, 0x63, 0xff, 0x70, 0x69, 0x63, 0xff, 0x70, 0x69, 0x63, 0xff,
    0x70, 0x69, 0x63, 0xff, 0x70, 0x69, 0x63, 0xff, 0x70, 0x69, 0x63, 0xff,
    0x70, 0x69, 0x63, 0xff, 0x70, 0x69, 0x63, 0xff, 0x70, 0x69, 0x63, 0xff,
    0x70, 0x69, 0x63, 0xff, 0x70, 0x69, 0x63, 0xff, 0x70, 0x69, 0x63, 0xff,
    0x70, 0x69, 0x63, 0xff, 0x70, 0x69, 0x63, 0xff, 0x70, 0x69, 0x63, 0xff,
    0x70, 0x69, 0x63, 0xff, 0x70, 0x68, 0x63, 0xbf, 0x00, 0x00, 0x00, 0x00,
    0x00, 0x00, 0x00, 0x00, 0x00, 0x00, 0x00, 0x00, 0x00, 0x00, 0x00, 0x00,
    0x00, 0x00, 0x00, 0x00, 0x00, 0x00, 0x00, 0x00, 0x00, 0x00, 0x00, 0x00,
    0x00, 0x00, 0x00, 0x00, 0x00, 0x00, 0x00, 0x00, 0x00, 0x00, 0x00, 0x00,
    0x00, 0x00, 0x00, 0x00, 0x00, 0x00, 0x00, 0x00, 0xc7, 0x97, 0x30, 0x40,
    0xc8, 0x97, 0x32, 0xff, 0xc8, 0x97, 0x32, 0xff, 0xc8, 0x97, 0x32, 0xff,
    0xc8, 0x97, 0x32, 0xff, 0xc8, 0x97, 0x32, 0xff, 0xc8, 0x97, 0x32, 0xff,
    0xc8, 0x97, 0x32, 0xff, 0xc8, 0x97, 0x32, 0xff, 0xc8, 0x97, 0x32, 0xff,
    0xc8, 0x97, 0x32, 0xff, 0xc8, 0x97, 0x32, 0xff, 0xc8, 0x97, 0x32, 0xff,
    0xc8, 0x97, 0x32, 0xff, 0xc8, 0x97, 0x32, 0xff, 0xc8, 0x97, 0x32, 0xff,
    0xc8, 0x97, 0x32, 0xff, 0xc8, 0x97, 0x32, 0xff, 0xc8, 0x97, 0x32, 0xff,
    0xc8, 0x97, 0x32, 0xff, 0xc8, 0x97, 0x32, 0xff, 0xc7, 0x96, 0x32, 0xef,
    0xcf, 0x9f, 0x30, 0x10, 0x00, 0x00, 0x00, 0x00, 0x00, 0x00, 0x00, 0x00,
    0x00, 0x00, 0x00, 0x00, 0x00, 0x00, 0x00, 0x00, 0x00, 0x00, 0x00, 0x00,
    0x00, 0x00, 0x00, 0x00, 0x00, 0x00, 0x00, 0x00, 0x00, 0x00, 0x00, 0x00,
    0x00, 0x00, 0x00, 0x00, 0x00, 0x00, 0x00, 0x00, 0x00, 0x00, 0x00, 0x00,
    0x00, 0x00, 0x00, 0x00, 0x00, 0x00, 0x00, 0x00, 0x70, 0x68, 0x68, 0x20,
    0x70, 0x69, 0x63, 0xdf, 0x70, 0x69, 0x63, 0xff, 0x70, 0x69, 0x63, 0xff,
    0x70, 0x69, 0x63, 0xff, 0x70, 0x69, 0x63, 0xff, 0x70, 0x69, 0x63, 0xff,
    0x70, 0x69, 0x63, 0xff, 0x70, 0x69, 0x63, 0xff, 0x70, 0x69, 0x63, 0xff,
    0x70, 0x69, 0x63, 0xff, 0x70, 0x69, 0x63, 0xff, 0x70, 0x69, 0x63, 0xff,
    0x70, 0x69, 0x63, 0xff, 0x70, 0x69, 0x63, 0xff, 0x70, 0x69, 0x63, 0xff,
    0x70, 0x69, 0x63, 0xff, 0x70, 0x69, 0x63, 0xff, 0x70, 0x69, 0x63, 0xff,
    0x70, 0x69, 0x63, 0xff, 0x70, 0x69, 0x63, 0xff, 0x70, 0x69, 0x63, 0xff,
    0x70, 0x68, 0x60, 0x20, 0x00, 0x00, 0x00, 0x00, 0x00, 0x00, 0x00, 0x00,
    0x00, 0x00, 0x00, 0x00, 0x00, 0x00, 0x00, 0x00, 0x00, 0x00, 0x00, 0x00,
    0x00, 0x00, 0x00, 0x00, 0x00, 0x00, 0x00, 0x00, 0x00, 0x00, 0x00, 0x00,
    0x00, 0x00, 0x00, 0x00, 0x00, 0x00, 0x00, 0x00, 0x00, 0x00, 0x00, 0x00,
    0x00, 0x00, 0x00, 0x00, 0x00, 0x00, 0x00, 0x00, 0xc8, 0x97, 0x31, 0xbf,
    0xc8, 0x97, 0x32, 0xff, 0xc8, 0x97, 0x32, 0xff, 0xc8, 0x97, 0x32, 0xff,
    0xc8, 0x97, 0x32, 0xff, 0xc8, 0x97, 0x32, 0xff, 0xc8, 0x97, 0x32, 0xff,
    0xc8, 0x97, 0x32, 0xff, 0xc8, 0x97, 0x32, 0xff, 0xc8, 0x97, 0x32, 0xff,
    0xc8, 0x97, 0x32, 0xff, 0xc8, 0x97, 0x32, 0xff, 0xc8, 0x97, 0x32, 0xff,
    0xc8, 0x97, 0x32, 0xff, 0xc8, 0x97, 0x32, 0xff, 0xc8, 0x97, 0x32, 0xff,
    0xc8, 0x97, 0x32, 0xff, 0xc8, 0x97, 0x32, 0xff, 0xc8, 0x97, 0x32, 0xff,
    0xc8, 0x97, 0x32, 0xff, 0xc8, 0x97, 0x32, 0xff, 0xc9, 0x97, 0x32, 0x7f,
    0x00, 0x00, 0x00, 0x00, 0x00, 0x00, 0x00, 0x00, 0x00, 0x00, 0x00, 0x00,
    0x00, 0x00, 0x00, 0x00, 0x00, 0x00, 0x00, 0x00, 0x00, 0x00, 0x00, 0x00,
    0x00, 0x00, 0x00, 0x00, 0x00, 0x00, 0x00, 0x00, 0x00, 0x00, 0x00, 0x00,
    0x00, 0x00, 0x00, 0x00, 0x00, 0x00, 0x00, 0x00, 0x00, 0x00, 0x00, 0x00,
    0x00, 0x00, 0x00, 0x00, 0x70, 0x6a, 0x63, 0x9f, 0x70, 0x69, 0x63, 0xff,
    0x70, 0x69, 0x63, 0xff, 0x70, 0x69, 0x63, 0xff, 0x70, 0x69, 0x63, 0xff,
    0x70, 0x69, 0x63, 0xff, 0x70, 0x69, 0x63, 0xff, 0x70, 0x69, 0x63, 0xff,
    0x70, 0x69, 0x63, 0xff, 0x70, 0x69, 0x63, 0xff, 0x70, 0x69, 0x63, 0xff,
    0x70, 0x69, 0x63, 0xff, 0x70, 0x69, 0x63, 0xff, 0x70, 0x69, 0x63, 0xff,
    0x70, 0x69, 0x63, 0xff, 0x70, 0x69, 0x63, 0xff, 0x70, 0x69, 0x63, 0xff,
    0x70, 0x69, 0x63, 0xff, 0x70, 0x69, 0x63, 0xff, 0x70, 0x69, 0x63, 0xff,
    0x70, 0x69, 0x63, 0xff, 0x70, 0x68, 0x62, 0x9f, 0x00, 0x00, 0x00, 0x00,
    0x00, 0x00, 0x00, 0x00, 0x00, 0x00, 0x00, 0x00, 0x00, 0x00, 0x00, 0x00,
    0x00, 0x00, 0x00, 0x00, 0x00, 0x00, 0x00, 0x00, 0x00, 0x00, 0x00, 0x00,
    0x00, 0x00, 0x00, 0x00, 0x00, 0x00, 0x00, 0x00, 0x00, 0x00, 0x00, 0x00,
    0x00, 0x00, 0x00, 0x00, 0x00, 0x00, 0x00, 0x00, 0x00, 0x00, 0x00, 0x00,
    0x00, 0x00, 0x00, 0x00, 0xc7, 0x97, 0x30, 0x40, 0xc8, 0x97, 0x32, 0xff,
    0xc8, 0x97, 0x32, 0xff, 0xc8, 0x97, 0x32, 0xff, 0xc8, 0x97, 0x32, 0xff,
    0xc8, 0x97, 0x32, 0xff, 0xc8, 0x97, 0x32, 0xff, 0xc8, 0x97, 0x32, 0xff,
    0xc8, 0x97, 0x32, 0xff, 0xc8, 0x97, 0x32, 0xff, 0xc8, 0x97, 0x32, 0xff,
    0xc8, 0x97, 0x32, 0xff, 0xc8, 0x97, 0x32, 0xff, 0xc8, 0x97, 0x32, 0xff,
    0xc8, 0x97, 0x32, 0xff, 0xc8, 0x97, 0x32, 0xff, 0xc8, 0x97, 0x32, 0xff,
    0xc8, 0x97, 0x32, 0xff, 0xc8, 0x97, 0x32, 0xff, 0xc8, 0x97, 0x32, 0xff,
    0xc8, 0x97, 0x32, 0xff, 0xc7, 0x96, 0x32, 0xef, 0xc7, 0x97, 0x30, 0x20,
    0x00, 0x00, 0x00, 0x00, 0x00, 0x00, 0x00, 0x00, 0x00, 0x00, 0x00, 0x00,
    0x00, 0x00, 0x00, 0x00, 0x00, 0x00, 0x00, 0x00, 0x00, 0x00, 0x00, 0x00,
    0x00, 0x00, 0x00, 0x00, 0x00, 0x00, 0x00, 0x00, 0x00, 0x00, 0x00, 0x00,
    0x00, 0x00, 0x00, 0x00, 0x00, 0x00, 0x00, 0x00, 0x70, 0x68, 0x68, 0x20,
    0x70, 0x69, 0x63, 0xff, 0x70, 0x69, 0x63, 0xff, 0x70, 0x69, 0x63, 0xff,
    0x70, 0x69, 0x63, 0xff, 0x70, 0x69, 0x63, 0xff, 0x70, 0x69, 0x63, 0xff,
    0x70, 0x69, 0x63, 0xff, 0x70, 0x69, 0x63, 0xff, 0x70, 0x69, 0x63, 0xff,
    0x70, 0x69, 0x63, 0xff, 0x70, 0x69, 0x63, 0xff, 0x70, 0x69, 0x63, 0xff,
    0x70, 0x69, 0x63, 0xff, 0x70, 0x69, 0x63, 0xff, 0x70, 0x69, 0x63, 0xff,
    0x70, 0x69, 0x63, 0xff, 0x70, 0x69, 0x63, 0xff, 0x70, 0x69, 0x63, 0xff,
    0x70, 0x69, 0x63, 0xff, 0x70, 0x69, 0x63, 0xff, 0x70, 0x69, 0x63, 0xff,
    0x70, 0x68, 0x60, 0x20, 0x00, 0x00, 0x00, 0x00, 0x00, 0x00, 0x00, 0x00,
    0x00, 0x00, 0x00, 0x00, 0x00, 0x00, 0x00, 0x00, 0x00, 0x00, 0x00, 0x00,
    0x00, 0x00, 0x00, 0x00, 0x00, 0x00, 0x00, 0x00, 0x00, 0x00, 0x00, 0x00,
    0x00, 0x00, 0x00, 0x00, 0x00, 0x00, 0x00, 0x00, 0x00, 0x00, 0x00, 0x00,
    0x00, 0x00, 0x00, 0x00, 0x00, 0x00, 0x00, 0x00, 0x00, 0x00, 0x00, 0x00,
    0x00, 0x00, 0x00, 0x00, 0xc8, 0x97, 0x32, 0x9f, 0xc8, 0x97, 0x32, 0xff,
    0xc8, 0x97, 0x32, 0xff, 0xc8, 0x97, 0x32, 0xff, 0xc8, 0x97, 0x32, 0xff,
    0xc8, 0x97, 0x32, 0xff, 0xc8, 0x97, 0x32, 0xff, 0xc8, 0x97, 0x32, 0xff,
    0xc8, 0x97, 0x32, 0xff, 0xc8, 0x97, 0x32, 0xff, 0xc8, 0x97, 0x32, 0xff,
    0xc8, 0x97, 0x32, 0xff, 0xc8, 0x97, 0x32, 0xff, 0xc8, 0x97, 0x32, 0xff,
    0xc8, 0x97, 0x32, 0xff, 0xc8, 0x97, 0x32, 0xff, 0xc8, 0x97, 0x32, 0xff,
    0xc8, 0x97, 0x32, 0xff, 0xc8, 0x97, 0x32, 0xff, 0xc8, 0x97, 0x32, 0xff,
    0xc8, 0x97, 0x32, 0xff, 0xc8, 0x97, 0x32, 0x9f, 0x00, 0x00, 0x00, 0x00,
    0x00, 0x00, 0x00, 0x00, 0x00, 0x00, 0x00, 0x00, 0x00, 0x00, 0x00, 0x00,
    0x00, 0x00, 0x00, 0x00, 0x00, 0x00, 0x00, 0x00, 0x00, 0x00, 0x00, 0x00,
    0x00, 0x00, 0x00, 0x00, 0x00, 0x00, 0x00, 0x00, 0x00, 0x00, 0x00, 0x00,
    0x00, 0x00, 0x00, 0x00, 0x70, 0x6a, 0x63, 0x9f, 0x70, 0x69, 0x63, 0xff,
    0x70, 0x69, 0x63, 0xff, 0x70, 0x69, 0x63, 0xff, 0x70, 0x69, 0x63, 0xff,
    0x70, 0x69, 0x63, 0xff, 0x70, 0x69, 0x63, 0xff, 0x70, 0x69, 0x63, 0xff,
    0x70, 0x69, 0x63, 0xff, 0x70, 0x69, 0x63, 0xff, 0x70, 0x69, 0x63, 0xff,
    0x70, 0x69, 0x63, 0xff, 0x70, 0x69, 0x63, 0xff, 0x70, 0x69, 0x63, 0xff,
    0x70, 0x69, 0x63, 0xff, 0x70, 0x69, 0x63, 0xff, 0x70, 0x69, 0x63, 0xff,
    0x70, 0x69, 0x63, 0xff, 0x70, 0x69, 0x63, 0xff, 0x70, 0x69, 0x63, 0xff,
    0x70, 0x69, 0x63, 0xff, 0x70, 0x68, 0x62, 0x7f, 0x00, 0x00, 0x00, 0x00,
    0x00, 0x00, 0x00, 0x00, 0x00, 0x00, 0x00, 0x00, 0x00, 0x00, 0x00, 0x00,
    0x00, 0x00, 0x00, 0x00, 0x00, 0x00, 0x00, 0x00, 0x00, 0x00, 0x00, 0x00,
    0x00, 0x00, 0x00, 0x00, 0x00, 0x00, 0x00, 0x00, 0x00, 0x00, 0x00, 0x00,
    0x00, 0x00, 0x00, 0x00, 0x00, 0x00, 0x00, 0x00, 0x00, 0x00, 0x00, 0x00,
    0x00, 0x00, 0x00, 0x00, 0x00, 0x00, 0x00, 0x00, 0x00, 0x00, 0x00, 0x00,
    0xc7, 0x97, 0x30, 0x20, 0xc7, 0x96, 0x32, 0xef, 0xc8, 0x97, 0x32, 0xff,
    0xc8, 0x97, 0x32, 0xff, 0xc8, 0x97, 0x32, 0xff, 0xc8, 0x97, 0x32, 0xff,
    0xc8, 0x97, 0x32, 0xff, 0xc8, 0x97, 0x32, 0xff, 0xc8, 0x97, 0x32, 0xff,
    0xc8, 0x97, 0x32, 0xff, 0xc8, 0x97, 0x32, 0xff, 0xc8, 0x97, 0x32, 0xff,
    0xc8, 0x97, 0x32, 0xff, 0xc8, 0x97, 0x32, 0xff, 0xc8, 0x97, 0x32, 0xff,
    0xc8, 0x97, 0x32, 0xff, 0xc8, 0x97, 0x32, 0xff, 0xc8, 0x97, 0x32, 0xff,
    0xc8, 0x97, 0x32, 0xff, 0xc8, 0x97, 0x32, 0xff, 0xc8, 0x97, 0x32, 0xff,
    0xc8, 0x97, 0x32, 0xff, 0xc7, 0x93, 0x30, 0x40, 0x00, 0x00, 0x00, 0x00,
    0x00, 0x00, 0x00, 0x00, 0x00, 0x00, 0x00, 0x00, 0x00, 0x00, 0x00, 0x00,
    0x00, 0x00, 0x00, 0x00, 0x00, 0x00, 0x00, 0x00, 0x00, 0x00, 0x00, 0x00,
    0x00, 0x00, 0x00, 0x00, 0x00, 0x00, 0x00, 0x00, 0x70, 0x65, 0x65, 0x30,
    0x70, 0x69, 0x63, 0xff, 0x70, 0x69, 0x63, 0xff, 0x70, 0x69, 0x63, 0xff,
    0x70, 0x69, 0x63, 0xff, 0x70, 0x69, 0x63, 0xff, 0x70, 0x69, 0x63, 0xff,
    0x70, 0x69, 0x63, 0xff, 0x70, 0x69, 0x63, 0xff, 0x70, 0x69, 0x63, 0xff,
    0x70, 0x69, 0x63, 0xff, 0x70, 0x69, 0x63, 0xff, 0x70, 0x69, 0x63, 0xff,
    0x70, 0x69, 0x63, 0xff, 0x70, 0x69, 0x63, 0xff, 0x70, 0x69, 0x63, 0xff,
    0x70, 0x69, 0x63, 0xff, 0x70, 0x69, 0x63, 0xff, 0x70, 0x69, 0x63, 0xff,
    0x70, 0x69, 0x63, 0xff, 0x70, 0x69, 0x63, 0xff, 0x70, 0x69, 0x62, 0xdf,
    0x70, 0x68, 0x60, 0x20, 0x00, 0x00, 0x00, 0x00, 0x00, 0x00, 0x00, 0x00,
    0x00, 0x00, 0x00, 0x00, 0x00, 0x00, 0x00, 0x00, 0x00, 0x00, 0x00, 0x00,
    0x00, 0x00, 0x00, 0x00, 0x00, 0x00, 0x00, 0x00, 0x00, 0x00, 0x00, 0x00,
    0x00, 0x00, 0x00, 0x00, 0x00, 0x00, 0x00, 0x00, 0x00, 0x00, 0x00, 0x00,
    0x00, 0x00, 0x00, 0x00, 0x00, 0x00, 0x00, 0x00, 0x00, 0x00, 0x00, 0x00,
    0x00, 0x00, 0x00, 0x00, 0x00, 0x00, 0x00, 0x00, 0x00, 0x00, 0x00, 0x00,
    0xc9, 0x99, 0x32, 0x7f, 0xc8, 0x97, 0x32, 0xff, 0xc8, 0x97, 0x32, 0xff,
    0xc8, 0x97, 0x32, 0xff, 0xc8, 0x97, 0x32, 0xff, 0xc8, 0x97, 0x32, 0xff,
    0xc8, 0x97, 0x32, 0xff, 0xc8, 0x97, 0x32, 0xff, 0xc8, 0x97, 0x32, 0xff,
    0xc8, 0x97, 0x32, 0xff, 0xc8, 0x97, 0x32, 0xff, 0xc8, 0x97, 0x32, 0xff,
    0xc8, 0x97, 0x32, 0xff, 0xc8, 0x97, 0x32, 0xff, 0xc8, 0x97, 0x32, 0xff,
    0xc8, 0x97, 0x32, 0xff, 0xc8, 0x97, 0x32, 0xff, 0xc8, 0x97, 0x32, 0xff,
    0xc8, 0x97, 0x32, 0xff, 0xc8, 0x97, 0x32, 0xff, 0xc8, 0x97, 0x32, 0xff,
    0xc8, 0x97, 0x31, 0xbf, 0x00, 0x00, 0x00, 0x00, 0x00, 0x00, 0x00, 0x00,
    0x00, 0x00, 0x00, 0x00, 0x00, 0x00, 0x00, 0x00, 0x00, 0x00, 0x00, 0x00,
    0x00, 0x00, 0x00, 0x00, 0x00, 0x00, 0x00, 0x00, 0x00, 0x00, 0x00, 0x00,
    0x00, 0x00, 0x00, 0x00, 0x70, 0x69, 0x63, 0xdf, 0x70, 0x69, 0x63, 0xff,
    0x70, 0x69, 0x63, 0xff, 0x70, 0x69, 0x63, 0xff, 0x70, 0x69, 0x63, 0xff,
    0x70, 0x69, 0x63, 0xff, 0x70, 0x69, 0x63, 0xff, 0x70, 0x69, 0x63, 0xff,
    0x70, 0x69, 0x63, 0xff, 0x70, 0x69, 0x63, 0xff, 0x70, 0x69, 0x63, 0xff,
    0x70, 0x69, 0x63, 0xff, 0x70, 0x69, 0x63, 0xff, 0x70, 0x69, 0x63, 0xff,
    0x70, 0x69, 0x63, 0xff, 0x70, 0x69, 0x63, 0xff, 0x70, 0x69, 0x63, 0xff,
    0x70, 0x69, 0x63, 0xff, 0x70, 0x69, 0x63, 0xff, 0x70, 0x69, 0x63, 0xff,
    0x70, 0x69, 0x63, 0xff, 0x71, 0x69, 0x63, 0x5f, 0x00, 0x00, 0x00, 0x00,
    0x00, 0x00, 0x00, 0x00, 0x00, 0x00, 0x00, 0x00, 0x00, 0x00, 0x00, 0x00,
    0x00, 0x00, 0x00, 0x00, 0x00, 0x00, 0x00, 0x00, 0x00, 0x00, 0x00, 0x00,
    0x00, 0x00, 0x00, 0x00, 0x00, 0x00, 0x00, 0x00, 0x00, 0x00, 0x00, 0x00,
    0x00, 0x00, 0x00, 0x00, 0x00, 0x00, 0x00, 0x00, 0x00, 0x00, 0x00, 0x00,
    0x00, 0x00, 0x00, 0x00, 0x00, 0x00, 0x00, 0x00, 0x00, 0x00, 0x00, 0x00,
    0x00, 0x00, 0x00, 0x00, 0x00, 0x00, 0x00, 0x00, 0xcf, 0x9f, 0x30, 0x10,
    0xc7, 0x96, 0x32, 0xef, 0xc8, 0x97, 0x32, 0xff, 0xc8, 0x97, 0x32, 0xff,
    0xc8, 0x97, 0x32, 0xff, 0xc8, 0x97, 0x32, 0xff, 0xc8, 0x97, 0x32, 0xff,
    0xc8, 0x97, 0x32, 0xff, 0xc8, 0x97, 0x32, 0xff, 0xc8, 0x97, 0x32, 0xff,
    0xc8, 0x97, 0x32, 0xff, 0xc8, 0x97, 0x32, 0xff, 0xc8, 0x97, 0x32, 0xff,
    0xc8, 0x97, 0x32, 0xff, 0xc8, 0x97, 0x32, 0xff, 0xc8, 0x97, 0x32, 0xff,
    0xc8, 0x97, 0x32, 0xff, 0xc8, 0x97, 0x32, 0xff, 0xc8, 0x97, 0x32, 0xff,
    0xc8, 0x97, 0x32, 0xff, 0xc8, 0x97, 0x32, 0xff, 0xc8, 0x97, 0x32, 0xff,
    0xc7, 0x93, 0x30, 0x40, 0x00, 0x00, 0x00, 0x00, 0x00, 0x00, 0x00, 0x00,
    0x00, 0x00, 0x00, 0x00, 0x00, 0x00, 0x00, 0x00, 0x00, 0x00, 0x00, 0x00,
    0x00, 0x00, 0x00, 0x00, 0x00, 0x00, 0x00, 0x00, 0x70, 0x68, 0x62, 0x60,
    0x70, 0x69, 0x63, 0xff, 0x70, 0x69, 0x63, 0xff, 0x70, 0x69, 0x63, 0xff,
    0x70, 0x69, 0x63, 0xff, 0x70, 0x69, 0x63, 0xff, 0x70, 0x69, 0x63, 0xff,
    0x70, 0x69, 0x63, 0xff, 0x70, 0x69, 0x63, 0xff, 0x70, 0x69, 0x63, 0xff,
    0x70, 0x69, 0x63, 0xff, 0x70, 0x69, 0x63, 0xff, 0x70, 0x69, 0x63, 0xff,
    0x70, 0x69, 0x63, 0xff, 0x70, 0x69, 0x63, 0xff, 0x70, 0x69, 0x63, 0xff,
    0x70, 0x69, 0x63, 0xff, 0x70, 0x69, 0x63, 0xff, 0x70, 0x69, 0x63, 0xff,
    0x70, 0x69, 0x63, 0xff, 0x70, 0x69, 0x63, 0xff, 0x70, 0x69, 0x62, 0xdf,
    0x00, 0x00, 0x00, 0x00, 0x00, 0x00, 0x00, 0x00, 0x00, 0x00, 0x00, 0x00,
    0x00, 0x00, 0x00, 0x00, 0x00, 0x00, 0x00, 0x00, 0x00, 0x00, 0x00, 0x00,
    0x00, 0x00, 0x00, 0x00, 0x00, 0x00, 0x00, 0x00, 0x00, 0x00, 0x00, 0x00,
    0x00, 0x00, 0x00, 0x00, 0x00, 0x00, 0x00, 0x00, 0x00, 0x00, 0x00, 0x00,
    0x00, 0x00, 0x00, 0x00, 0x00, 0x00, 0x00, 0x00, 0x00, 0x00, 0x00, 0x00,
    0x00, 0x00, 0x00, 0x00, 0x00, 0x00, 0x00, 0x00, 0x00, 0x00, 0x00, 0x00,
    0x00, 0x00, 0x00, 0x00, 0x00, 0x00, 0x00, 0x00, 0xc7, 0x95, 0x30, 0x60,
    0xc8, 0x97, 0x32, 0xff, 0xc8, 0x97, 0x32, 0xff, 0xc8, 0x97, 0x32, 0xff,
    0xc8, 0x97, 0x32, 0xff, 0xc8, 0x97, 0x32, 0xff, 0xc8, 0x97, 0x32, 0xff,
    0xc8, 0x97, 0x32, 0xff, 0xc8, 0x97, 0x32, 0xff, 0xc8, 0x97, 0x32, 0xff,
    0xc8, 0x97, 0x32, 0xff, 0xc8, 0x97, 0x32, 0xff, 0xc8, 0x97, 0x32, 0xff,
    0xc8, 0x97, 0x32, 0xff, 0xc8, 0x97, 0x32, 0xff, 0xc8, 0x97, 0x32, 0xff,
    0xc8, 0x97, 0x32, 0xff, 0xc8, 0x97, 0x32, 0xff, 0xc8, 0x97, 0x32, 0xff,
    0xc8, 0x97, 0x32, 0xff, 0xc8, 0x97, 0x32, 0xff, 0xc8, 0x97, 0x32, 0xdf,
    0xcf, 0x9f, 0x30, 0x10, 0x00, 0x00, 0x00, 0x00, 0x00, 0x00, 0x00, 0x00,
    0x00, 0x00, 0x00, 0x00, 0x00, 0x00, 0x00, 0x00, 0x00, 0x00, 0x00, 0x00,
    0x00, 0x00, 0x00, 0x00, 0x70, 0x69, 0x63, 0xdf, 0x70, 0x69, 0x63, 0xff,
    0x70, 0x69, 0x63, 0xff, 0x70, 0x69, 0x63, 0xff, 0x70, 0x69, 0x63, 0xff,
    0x70, 0x69, 0x63, 0xff, 0x70, 0x69, 0x63, 0xff, 0x70, 0x69, 0x63, 0xff,
    0x70, 0x69, 0x63, 0xff, 0x70, 0x69, 0x63, 0xff, 0x70, 0x69, 0x63, 0xff,
    0x70, 0x69, 0x63, 0xff, 0x70, 0x69, 0x63, 0xff, 0x70, 0x69, 0x63, 0xff,
    0x70, 0x69, 0x63, 0xff, 0x70, 0x69, 0x63, 0xff, 0x70, 0x69, 0x63, 0xff,
    0x70, 0x69, 0x63, 0xff, 0x70, 0x69, 0x63, 0xff, 0x70, 0x69, 0x63, 0xff,
    0x70, 0x69, 0x63, 0xff, 0x71, 0x69, 0x63, 0x5f, 0x00, 0x00, 0x00, 0x00,
    0x00, 0x00, 0x00, 0x00, 0x00, 0x00, 0x00, 0x00, 0x00, 0x00, 0x00, 0x00,
    0x00, 0x00, 0x00, 0x00, 0x00, 0x00, 0x00, 0x00, 0x00, 0x00, 0x00, 0x00,
    0x00, 0x00, 0x00, 0x00, 0x00, 0x00, 0x00, 0x00, 0x00, 0x00, 0x00, 0x00,
    0x00, 0x00, 0x00, 0x00, 0x00, 0x00, 0x00, 0x00, 0x00, 0x00, 0x00, 0x00,
    0x00, 0x00, 0x00, 0x00, 0x00, 0x00, 0x00, 0x00, 0x00, 0x00, 0x00, 0x00,
    0x00, 0x00, 0x00, 0x00, 0x00, 0x00, 0x00, 0x00, 0x00, 0x00, 0x00, 0x00,
    0x00, 0x00, 0x00, 0x00, 0x00, 0x00, 0x00, 0x00, 0xc8, 0x97, 0x31, 0xbf,
    0xc8, 0x97, 0x32, 0xff, 0xc8, 0x97, 0x32, 0xff, 0xc8, 0x97, 0x32, 0xff,
    0xc8, 0x97, 0x32, 0xff, 0xc8, 0x97, 0x32, 0xff, 0xc8, 0x97, 0x32, 0xff,
    0xc8, 0x97, 0x32, 0xff, 0xc8, 0x97, 0x32, 0xff, 0xc8, 0x97, 0x32, 0xff,
    0xc8, 0x97, 0x32, 0xff, 0xc8, 0x97, 0x32, 0xff, 0xc8, 0x97, 0x32, 0xff,
    0xc8, 0x97, 0x32, 0xff, 0xc8, 0x97, 0x32, 0xff, 0xc8, 0x97, 0x32, 0xff,
    0xc8, 0x97, 0x32, 0xff, 0xc8, 0x97, 0x32, 0xff, 0xc8, 0x97, 0x32, 0xff,
    0xc8, 0x97, 0x32, 0xff, 0xc8, 0x97, 0x32, 0xff, 0xc9, 0x97, 0x32, 0x7f,
    0x00, 0x00, 0x00, 0x00, 0x00, 0x00, 0x00, 0x00, 0x00, 0x00, 0x00, 0x00,
    0x00, 0x00, 0x00, 0x00, 0x00, 0x00, 0x00, 0x00, 0x70, 0x69, 0x64, 0x70,
    0x70, 0x69, 0x63, 0xff, 0x70, 0x69, 0x63, 0xff, 0x70, 0x69, 0x63, 0xff,
    0x70, 0x69, 0x63, 0xff, 0x70, 0x69, 0x63, 0xff, 0x70, 0x69, 0x63, 0xff,
    0x70, 0x69, 0x63, 0xff, 0x70, 0x69, 0x63, 0xff, 0x70, 0x69, 0x63, 0xff,
    0x70, 0x69, 0x63, 0xff, 0x70, 0x69, 0x63, 0xff, 0x70, 0x69, 0x63, 0xff,
    0x70, 0x69, 0x63, 0xff, 0x70, 0x69, 0x63, 0xff, 0x70, 0x69, 0x63, 0xff,
    0x70, 0x69, 0x63, 0xff, 0x70, 0x69, 0x63, 0xff, 0x70, 0x69, 0x63, 0xff,
    0x70, 0x69, 0x63, 0xff, 0x70, 0x69, 0x63, 0xff, 0x70, 0x68, 0x63, 0xbf,
    0x00, 0x00, 0x00, 0x00, 0x00, 0x00, 0x00, 0x00, 0x00, 0x00, 0x00, 0x00,
    0x00, 0x00, 0x00, 0x00, 0x00, 0x00, 0x00, 0x00, 0x00, 0x00, 0x00, 0x00,
    0x00, 0x00, 0x00, 0x00, 0x00, 0x00, 0x00, 0x00, 0x00, 0x00, 0x00, 0x00,
    0x00, 0x00, 0x00, 0x00, 0x00, 0x00, 0x00, 0x00, 0x00, 0x00, 0x00, 0x00,
    0x00, 0x00, 0x00, 0x00, 0x00, 0x00, 0x00, 0x00, 0x00, 0x00, 0x00, 0x00,
    0x00, 0x00, 0x00, 0x00, 0x00, 0x00, 0x00, 0x00, 0x00, 0x00, 0x00, 0x00,
    0x00, 0x00, 0x00, 0x00, 0x00, 0x00, 0x00, 0x00, 0x00, 0x00, 0x00, 0x00,
    0x00, 0x00, 0x00, 0x00, 0xc7, 0x97, 0x30, 0x40, 0xc8, 0x97, 0x32, 0xff,
    0xc8, 0x97, 0x32, 0xff, 0xc8, 0x97, 0x32, 0xff, 0xc8, 0x97, 0x32, 0xff,
    0xc8, 0x97, 0x32, 0xff, 0xc8, 0x97, 0x32, 0xff, 0xc8, 0x97, 0x32, 0xff,
    0xc8, 0x97, 0x32, 0xff, 0xc8, 0x97, 0x32, 0xff, 0xc8, 0x97, 0x32, 0xff,
    0xc8, 0x97, 0x32, 0xff, 0xc8, 0x97, 0x32, 0xff, 0xc8, 0x97, 0x32, 0xff,
    0xc8, 0x97, 0x32, 0xff, 0xc8, 0x97, 0x32, 0xff, 0xc8, 0x97, 0x32, 0xff,
    0xc8, 0x97, 0x32, 0xff, 0xc8, 0x97, 0x32, 0xff, 0xc8, 0x97, 0x32, 0xff,
    0xc8, 0x97, 0x32, 0xff, 0xc7, 0x96, 0x32, 0xef, 0xcf, 0x9f, 0x30, 0x10,
    0x00, 0x00, 0x00, 0x00, 0x00, 0x00, 0x00, 0x00, 0x00, 0x00, 0x00, 0x00,
    0x70, 0x68, 0x68, 0x20, 0x70, 0x69, 0x63, 0xdf, 0x70, 0x69, 0x63, 0xff,
    0x70, 0x69, 0x63, 0xff, 0x70, 0x69, 0x63, 0xff, 0x70, 0x69, 0x63, 0xff,
    0x70, 0x69, 0x63, 0xff, 0x70, 0x69, 0x63, 0xff, 0x70, 0x69, 0x63, 0xff,
    0x70, 0x69, 0x63, 0xff, 0x70, 0x69, 0x63, 0xff, 0x70, 0x69, 0x63, 0xff,
    0x70, 0x69, 0x63, 0xff, 0x70, 0x69, 0x63, 0xff, 0x70, 0x69, 0x63, 0xff,
    0x70, 0x69, 0x63, 0xff, 0x70, 0x69, 0x63, 0xff, 0x70, 0x69, 0x63, 0xff,
    0x70, 0x69, 0x63, 0xff, 0x70, 0x69, 0x63, 0xff, 0x70, 0x69, 0x63, 0xff,
    0x70, 0x69, 0x63, 0xff, 0x70, 0x68, 0x60, 0x20, 0x00, 0x00, 0x00, 0x00,
    0x00, 0x00, 0x00, 0x00, 0x00, 0x00, 0x00, 0x00, 0x00, 0x00, 0x00, 0x00,
    0x00, 0x00, 0x00, 0x00, 0x00, 0x00, 0x00, 0x00, 0x00, 0x00, 0x00, 0x00,
    0x00, 0x00, 0x00, 0x00, 0x00, 0x00, 0x00, 0x00, 0x00, 0x00, 0x00, 0x00,
    0x00, 0x00, 0x00, 0x00, 0x00, 0x00, 0x00, 0x00, 0x00, 0x00, 0x00, 0x00,
    0x00, 0x00, 0x00, 0x00, 0x00, 0x00, 0x00, 0x00, 0x00, 0x00, 0x00, 0x00,
    0x00, 0x00, 0x00, 0x00, 0x00, 0x00, 0x00, 0x00, 0x00, 0x00, 0x00, 0x00,
    0x00, 0x00, 0x00, 0x00, 0x00, 0x00, 0x00, 0x00, 0x00, 0x00, 0x00, 0x00,
    0x00, 0x00, 0x00, 0x00, 0xc8, 0x97, 0x31, 0xbf, 0xc8, 0x97, 0x32, 0xff,
    0xc8, 0x97, 0x32, 0xff, 0xc8, 0x97, 0x32, 0xff, 0xc8, 0x97, 0x32, 0xff,
    0xc8, 0x97, 0x32, 0xff, 0xc8, 0x97, 0x32, 0xff, 0xc8, 0x97, 0x32, 0xff,
    0xc8, 0x97, 0x32, 0xff, 0xc8, 0x97, 0x32, 0xff, 0xc8, 0x97, 0x32, 0xff,
    0xc8, 0x97, 0x32, 0xff, 0xc8, 0x97, 0x32, 0xff, 0xc8, 0x97, 0x32, 0xff,
    0xc8, 0x97, 0x32, 0xff, 0xc8, 0x97, 0x32, 0xff, 0xc8, 0x97, 0x32, 0xff,
    0xc8, 0x97, 0x32, 0xff, 0xc8, 0x97, 0x32, 0xff, 0xc8, 0x97, 0x32, 0xff,
    0xc8, 0x97, 0x32, 0xff, 0xc8, 0x96, 0x32, 0x8f, 0x00, 0x00, 0x00, 0x00,
    0x00, 0x00, 0x00, 0x00, 0x00, 0x00, 0x00, 0x00, 0x70, 0x6a, 0x63, 0x9f,
    0x70, 0x69, 0x63, 0xff, 0x70, 0x69, 0x63, 0xff, 0x70, 0x69, 0x63, 0xff,
    0x70, 0x69, 0x63, 0xff, 0x70, 0x69, 0x63, 0xff, 0x70, 0x69, 0x63, 0xff,
    0x70, 0x69, 0x63, 0xff, 0x70, 0x69, 0x63, 0xff, 0x70, 0x69, 0x63, 0xff,
    0x70, 0x69, 0x63, 0xff, 0x70, 0x69, 0x63, 0xff, 0x70, 0x69, 0x63, 0xff,
    0x70, 0x69, 0x63, 0xff, 0x70, 0x69, 0x63, 0xff, 0x70, 0x69, 0x63, 0xff,
    0x70, 0x69, 0x63, 0xff, 0x70, 0x69, 0x63, 0xff, 0x70, 0x69, 0x63, 0xff,
    0x70, 0x69, 0x63, 0xff, 0x70, 0x69, 0x63, 0xff, 0x70, 0x68, 0x62, 0x9f,
    0x00, 0x00, 0x00, 0x00, 0x00, 0x00, 0x00, 0x00, 0x00, 0x00, 0x00, 0x00,
    0x00, 0x00, 0x00, 0x00, 0x00, 0x00, 0x00, 0x00, 0x00, 0x00, 0x00, 0x00,
    0x00, 0x00, 0x00, 0x00, 0x00, 0x00, 0x00, 0x00, 0x00, 0x00, 0x00, 0x00,
    0x00, 0x00, 0x00, 0x00, 0x00, 0x00, 0x00, 0x00, 0x00, 0x00, 0x00, 0x00,
    0x00, 0x00, 0x00, 0x00, 0x00, 0x00, 0x00, 0x00, 0x00, 0x00, 0x00, 0x00,
    0x00, 0x00, 0x00, 0x00, 0x00, 0x00, 0x00, 0x00, 0x00, 0x00, 0x00, 0x00,
    0x00, 0x00, 0x00, 0x00, 0x00, 0x00, 0x00, 0x00, 0x00, 0x00, 0x00, 0x00,
    0x00, 0x00, 0x00, 0x00, 0x00, 0x00, 0x00, 0x00, 0x00, 0x00, 0x00, 0x00,
    0xc7, 0x97, 0x30, 0x20, 0xc8, 0x97, 0x32, 0xff, 0xc8, 0x97, 0x32, 0xff,
    0xc8, 0x97, 0x32, 0xff, 0xc8, 0x97, 0x32, 0xff, 0xc8, 0x97, 0x32, 0xff,
    0xc8, 0x97, 0x32, 0xff, 0xc8, 0x97, 0x32, 0xff, 0xc8, 0x97, 0x32, 0xff,
    0xc8, 0x97, 0x32, 0xff, 0xc8, 0x97, 0x32, 0xff, 0xc8, 0x97, 0x32, 0xff,
    0xc8, 0x97, 0x32, 0xff, 0xc8, 0x97, 0x32, 0xff, 0xc8, 0x97, 0x32, 0xff,
    0xc8, 0x97, 0x32, 0xff, 0xc8, 0x97, 0x32, 0xff, 0xc8, 0x97, 0x32, 0xff,
    0xc8, 0x97, 0x32, 0xff, 0xc8, 0x97, 0x32, 0xff, 0xc8, 0x97, 0x32, 0xff,
    0xc8, 0x97, 0x32, 0xff, 0xc7, 0x97, 0x30, 0x20, 0x00, 0x00, 0x00, 0x00,
    0x70, 0x68, 0x68, 0x20, 0x70, 0x69, 0x63, 0xff, 0x70, 0x69, 0x63, 0xff,
    0x70, 0x69, 0x63, 0xff, 0x70, 0x69, 0x63, 0xff, 0x70, 0x69, 0x63, 0xff,
    0x70, 0x69, 0x63, 0xff, 0x70, 0x69, 0x63, 0xff, 0x70, 0x69, 0x63, 0xff,
    0x70, 0x69, 0x63, 0xff, 0x70, 0x69, 0x63, 0xff, 0x70, 0x69, 0x63, 0xff,
    0x70, 0x69, 0x63, 0xff, 0x70, 0x69, 0x63, 0xff, 0x70, 0x69, 0x63, 0xff,
    0x70, 0x69, 0x63, 0xff, 0x70, 0x69, 0x63, 0xff, 0x70, 0x69, 0x63, 0xff,
    0x70, 0x69, 0x63, 0xff, 0x70, 0x69, 0x63, 0xff, 0x70, 0x69, 0x63, 0xff,
    0x70, 0x69, 0x63, 0xff, 0x70, 0x68, 0x60, 0x20, 0x00, 0x00, 0x00, 0x00,
    0x00, 0x00, 0x00, 0x00, 0x00, 0x00, 0x00, 0x00, 0x00, 0x00, 0x00, 0x00,
    0x00, 0x00, 0x00, 0x00, 0x00, 0x00, 0x00, 0x00, 0x00, 0x00, 0x00, 0x00,
    0x00, 0x00, 0x00, 0x00, 0x00, 0x00, 0x00, 0x00, 0x00, 0x00, 0x00, 0x00,
    0x00, 0x00, 0x00, 0x00, 0x00, 0x00, 0x00, 0x00, 0x00, 0x00, 0x00, 0x00,
    0x00, 0x00, 0x00, 0x00, 0x00, 0x00, 0x00, 0x00, 0x00, 0x00, 0x00, 0x00,
    0x00, 0x00, 0x00, 0x00, 0x00, 0x00, 0x00, 0x00, 0x00, 0x00, 0x00, 0x00,
    0x00, 0x00, 0x00, 0x00, 0x00, 0x00, 0x00, 0x00, 0x00, 0x00, 0x00, 0x00,
    0x00, 0x00, 0x00, 0x00, 0x00, 0x00, 0x00, 0x00, 0x00, 0x00, 0x00, 0x00,
    0xc9, 0x98, 0x32, 0x8f, 0xc8, 0x97, 0x32, 0xff, 0xc8, 0x97, 0x32, 0xff,
    0xc8, 0x97, 0x32, 0xff, 0xc8, 0x97, 0x32, 0xff, 0xc8, 0x97, 0x32, 0xff,
    0xc8, 0x97, 0x32, 0xff, 0xc8, 0x97, 0x32, 0xff, 0xc8, 0x97, 0x32, 0xff,
    0xc8, 0x97, 0x32, 0xff, 0xc8, 0x97, 0x32, 0xff, 0xc8, 0x97, 0x32, 0xff,
    0xc8, 0x97, 0x32, 0xff, 0xc8, 0x97, 0x32, 0xff, 0xc8, 0x97, 0x32, 0xff,
    0xc8, 0x97, 0x32, 0xff, 0xc8, 0x97, 0x32, 0xff, 0xc8, 0x97, 0x32, 0xff,
    0xc8, 0x97, 0x32, 0xff, 0xc8, 0x97, 0x32, 0xff, 0xc8, 0x97, 0x32, 0xff,
    0xc8, 0x97, 0x31, 0xbf, 0x00, 0x00, 0x00, 0x00, 0x70, 0x6a, 0x63, 0x9f,
    0x70, 0x69, 0x63, 0xff, 0x70, 0x69, 0x63, 0xff, 0x70, 0x69, 0x63, 0xff,
    0x70, 0x69, 0x63, 0xff, 0x70, 0x69, 0x63, 0xff, 0x70, 0x69, 0x63, 0xff,
    0x70, 0x69, 0x63, 0xff, 0x70, 0x69, 0x63, 0xff, 0x70, 0x69, 0x63, 0xff,
    0x70, 0x69, 0x63, 0xff, 0x70, 0x69, 0x63, 0xff, 0x70, 0x69, 0x63, 0xff,
    0x70, 0x69, 0x63, 0xff, 0x70, 0x69, 0x63, 0xff, 0x70, 0x69, 0x63, 0xff,
    0x70, 0x69, 0x63, 0xff, 0x70, 0x69, 0x63, 0xff, 0x70, 0x69, 0x63, 0xff,
    0x70, 0x69, 0x63, 0xff, 0x70, 0x69, 0x63, 0xff, 0x70, 0x68, 0x62, 0x7f,
    0x00, 0x00, 0x00, 0x00, 0x00, 0x00, 0x00, 0x00, 0x00, 0x00, 0x00, 0x00,
    0x00, 0x00, 0x00, 0x00, 0x00, 0x00, 0x00, 0x00, 0x00, 0x00, 0x00, 0x00,
    0x00, 0x00, 0x00, 0x00, 0x00, 0x00, 0x00, 0x00, 0x00, 0x00, 0x00, 0x00,
    0x00, 0x00, 0x00, 0x00, 0x00, 0x00, 0x00, 0x00, 0x00, 0x00, 0x00, 0x00,
    0x00, 0x00, 0x00, 0x00, 0x00, 0x00, 0x00, 0x00, 0x00, 0x00, 0x00, 0x00,
    0x00, 0x00, 0x00, 0x00, 0x00, 0x00, 0x00, 0x00, 0x00, 0x00, 0x00, 0x00,
    0x00, 0x00, 0x00, 0x00, 0x00, 0x00, 0x00, 0x00, 0x00, 0x00, 0x00, 0x00,
    0x00, 0x00, 0x00, 0x00, 0x00, 0x00, 0x00, 0x00, 0x00, 0x00, 0x00, 0x00,
    0x00, 0x00, 0x00, 0x00, 0x00, 0x00, 0x00, 0x00, 0xcf, 0x9f, 0x30, 0x10,
    0xc7, 0x96, 0x32, 0xef, 0xc8, 0x97, 0x32, 0xff, 0xc8, 0x97, 0x32, 0xff,
    0xc8, 0x97, 0x32, 0xff, 0xc8, 0x97, 0x32, 0xff, 0xc8, 0x97, 0x32, 0xff,
    0xc8, 0x97, 0x32, 0xff, 0xc8, 0x97, 0x32, 0xff, 0xc8, 0x97, 0x32, 0xff,
    0xc8, 0x97, 0x32, 0xff, 0xc8, 0x97, 0x32, 0xff, 0xc8, 0x97, 0x32, 0xff,
    0xc8, 0x97, 0x32, 0xff, 0xc8, 0x97, 0x32, 0xff, 0xc8, 0x97, 0x32, 0xff,
    0xc8, 0x97, 0x32, 0xff, 0xc8, 0x97, 0x32, 0xff, 0xc8, 0x97, 0x32, 0xff,
    0xc8, 0x97, 0x32, 0xff, 0xc8, 0x97, 0x32, 0xff, 0xc8, 0x97, 0x32, 0xff,
    0xc7, 0x93, 0x30, 0x40, 0x70, 0x69, 0x63, 0xff, 0x70, 0x69, 0x63, 0xff,
    0x70, 0x69, 0x63, 0xff, 0x70, 0x69, 0x63, 0xff, 0x70, 0x69, 0x63, 0xff,
    0x70, 0x69, 0x63, 0xff, 0x70, 0x69, 0x63, 0xff, 0x70, 0x69, 0x63, 0xff,
    0x70, 0x69, 0x63, 0xff, 0x70, 0x69, 0x63, 0xff, 0x70, 0x69, 0x63, 0xff,
    0x70, 0x69, 0x63, 0xff, 0x70, 0x69, 0x63, 0xff, 0x70, 0x69, 0x63, 0xff,
    0x70, 0x69, 0x63, 0xff, 0x70, 0x69, 0x63, 0xff, 0x70, 0x69, 0x63, 0xff,
    0x70, 0x69, 0x63, 0xff, 0x70, 0x69, 0x63, 0xff, 0x70, 0x69, 0x63, 0xff,
    0x70, 0x69, 0x62, 0xdf, 0x70, 0x68, 0x60, 0x20, 0x00, 0x00, 0x00, 0x00,
    0x00, 0x00, 0x00, 0x00, 0x00, 0x00, 0x00, 0x00, 0x00, 0x00, 0x00, 0x00,
    0x00, 0x00, 0x00, 0x00, 0x00, 0x00, 0x00, 0x00, 0x00, 0x00, 0x00, 0x00,
    0x00, 0x00, 0x00, 0x00, 0x00, 0x00, 0x00, 0x00, 0x00, 0x00, 0x00, 0x00,
    0x00, 0x00, 0x00, 0x00, 0x00, 0x00, 0x00, 0x00, 0x00, 0x00, 0x00, 0x00,
    0x00, 0x00, 0x00, 0x00, 0x00, 0x00, 0x00, 0x00, 0x00, 0x00, 0x00, 0x00,
    0x00, 0x00, 0x00, 0x00, 0x00, 0x00, 0x00, 0x00, 0x00, 0x00, 0x00, 0x00,
    0x00, 0x00, 0x00, 0x00, 0x00, 0x00, 0x00, 0x00, 0x00, 0x00, 0x00, 0x00,
    0x00, 0x00, 0x00, 0x00, 0x00, 0x00, 0x00, 0x00, 0x00, 0x00, 0x00, 0x00,
    0x00, 0x00, 0x00, 0x00, 0x00, 0x00, 0x00, 0x00, 0xc9, 0x99, 0x32, 0x7f,
    0xc8, 0x97, 0x32, 0xff, 0xc8, 0x97, 0x32, 0xff, 0xc8, 0x97, 0x32, 0xff,
    0xc8, 0x97, 0x32, 0xff, 0xc8, 0x97, 0x32, 0xff, 0xc8, 0x97, 0x32, 0xff,
    0xc8, 0x97, 0x32, 0xff, 0xc8, 0x97, 0x32, 0xff, 0xc8, 0x97, 0x32, 0xff,
    0xc8, 0x97, 0x32, 0xff, 0xc8, 0x97, 0x32, 0xff, 0xc8, 0x97, 0x32, 0xff,
    0xc8, 0x97, 0x32, 0xff, 0xc8, 0x97, 0x32, 0xff, 0xc8, 0x97, 0x32, 0xff,
    0xc8, 0x97, 0x32, 0xff, 0xc8, 0x97, 0x32, 0xff, 0xc8, 0x97, 0x32, 0xff,
    0xc8, 0x97, 0x32, 0xff, 0xc8, 0x97, 0x32, 0xff, 0xc8, 0x97, 0x32, 0x9f,
    0x70, 0x69, 0x63, 0xef, 0x70, 0x69, 0x63, 0xff, 0x70, 0x69, 0x63, 0xff,
    0x70, 0x69, 0x63, 0xff, 0x70, 0x69, 0x63, 0xff, 0x70, 0x69, 0x63, 0xff,
    0x70, 0x69, 0x63, 0xff, 0x70, 0x69, 0x63, 0xff, 0x70, 0x69, 0x63, 0xff,
    0x70, 0x69, 0x63, 0xff, 0x70, 0x69, 0x63, 0xff, 0x70, 0x69, 0x63, 0xff,
    0x70, 0x69, 0x63, 0xff, 0x70, 0x69, 0x63, 0xff, 0x70, 0x69, 0x63, 0xff,
    0x70, 0x69, 0x63, 0xff, 0x70, 0x69, 0x63, 0xff, 0x70, 0x69, 0x63, 0xff,
    0x70, 0x69, 0x63, 0xff, 0x70, 0x69, 0x63, 0xff, 0x70, 0x69, 0x63, 0x50,
    0x00, 0x00, 0x00, 0x00, 0x00, 0x00, 0x00, 0x00, 0x00, 0x00, 0x00, 0x00,
    0x00, 0x00, 0x00, 0x00, 0x00, 0x00, 0x00, 0x00, 0x00, 0x00, 0x00, 0x00,
    0x00, 0x00, 0x00, 0x00, 0x00, 0x00, 0x00, 0x00, 0x00, 0x00, 0x00, 0x00,
    0x00, 0x00, 0x00, 0x00, 0x00, 0x00, 0x00, 0x00, 0x00, 0x00, 0x00, 0x00,
    0x00, 0x00, 0x00, 0x00, 0x00, 0x00, 0x00, 0x00, 0x00, 0x00, 0x00, 0x00,
    0x00, 0x00, 0x00, 0x00, 0x00, 0x00, 0x00, 0x00, 0x00, 0x00, 0x00, 0x00,
    0x00, 0x00, 0x00, 0x00, 0x00, 0x00, 0x00, 0x00, 0x00, 0x00, 0x00, 0x00,
    0x00, 0x00, 0x00, 0x00, 0x00, 0x00, 0x00, 0x00, 0x00, 0x00, 0x00, 0x00,
    0x00, 0x00, 0x00, 0x00, 0x00, 0x00, 0x00, 0x00, 0x00, 0x00, 0x00, 0x00,
    0x00, 0x00, 0x00, 0x00, 0x00, 0x00, 0x00, 0x00, 0xc9, 0x97, 0x31, 0xcf,
    0xc8, 0x97, 0x32, 0xff, 0xc8, 0x97, 0x32, 0xff, 0xc8, 0x97, 0x32, 0xff,
    0xc8, 0x97, 0x32, 0xff, 0xc8, 0x97, 0x32, 0xff, 0xc8, 0x97, 0x32, 0xff,
    0xc8, 0x97, 0x32, 0xff, 0xc8, 0x97, 0x32, 0xff, 0xc8, 0x97, 0x32, 0xff,
    0xc8, 0x97, 0x32, 0xff, 0xc8, 0x97, 0x32, 0xff, 0xc8, 0x97, 0x32, 0xff,
    0xc8, 0x97, 0x32, 0xff, 0xc8, 0x97, 0x32, 0xff, 0xc8, 0x97, 0x32, 0xff,
    0xc8, 0x97, 0x32, 0xff, 0xc8, 0x97, 0x32, 0xff, 0xc8, 0x97, 0x32, 0xff,
    0xc8, 0x97, 0x32, 0xff, 0xc9, 0x98, 0x32, 0x8f, 0x70, 0x65, 0x65, 0x30,
    0x70, 0x69, 0x62, 0xcf, 0x70, 0x69, 0x63, 0xff, 0x70, 0x69, 0x63, 0xff,
    0x70, 0x69, 0x63, 0xff, 0x70, 0x69, 0x63, 0xff, 0x70, 0x69, 0x63, 0xff,
    0x70, 0x69, 0x63, 0xff, 0x70, 0x69, 0x63, 0xff, 0x70, 0x69, 0x63, 0xff,
    0x70, 0x69, 0x63, 0xff, 0x70, 0x69, 0x63, 0xff, 0x70, 0x69, 0x63, 0xff,
    0x70, 0x69, 0x63, 0xff, 0x70, 0x69, 0x63, 0xff, 0x70, 0x69, 0x63, 0xff,
    0x70, 0x69, 0x63, 0xff, 0x70, 0x69, 0x62, 0xef, 0x70, 0x68, 0x63, 0xbf,
    0x71, 0x69, 0x61, 0x3f, 0x00, 0x00, 0x00, 0x00, 0x00, 0x00, 0x00, 0x00,
    0x00, 0x00, 0x00, 0x00, 0x00, 0x00, 0x00, 0x00, 0x00, 0x00, 0x00, 0x00,
    0x00, 0x00, 0x00, 0x00, 0x00, 0x00, 0x00, 0x00, 0x00, 0x00, 0x00, 0x00,
    0x00, 0x00, 0x00, 0x00, 0x00, 0x00, 0x00, 0x00, 0x00, 0x00, 0x00, 0x00,
    0x00, 0x00, 0x00, 0x00, 0x00, 0x00, 0x00, 0x00, 0x00, 0x00, 0x00, 0x00,
    0x00, 0x00, 0x00, 0x00, 0x00, 0x00, 0x00, 0x00, 0x00, 0x00, 0x00, 0x00,
    0x00, 0x00, 0x00, 0x00, 0x00, 0x00, 0x00, 0x00, 0x00, 0x00, 0x00, 0x00,
    0x00, 0x00, 0x00, 0x00, 0x00, 0x00, 0x00, 0x00, 0x00, 0x00, 0x00, 0x00,
    0x00, 0x00, 0x00, 0x00, 0x00, 0x00, 0x00, 0x00, 0x00, 0x00, 0x00, 0x00,
    0x00, 0x00, 0x00, 0x00, 0x00, 0x00, 0x00, 0x00, 0x00, 0x00, 0x00, 0x00,
    0x00, 0x00, 0x00, 0x00, 0xcf, 0x9f, 0x30, 0x10, 0xc9, 0x98, 0x32, 0x8f,
    0xc9, 0x97, 0x31, 0xcf, 0xc8, 0x97, 0x32, 0xff, 0xc8, 0x97, 0x32, 0xff,
    0xc8, 0x97, 0x32, 0xff, 0xc8, 0x97, 0x32, 0xff, 0xc8, 0x97, 0x32, 0xff,
    0xc8, 0x97, 0x32, 0xff, 0xc8, 0x97, 0x32, 0xff, 0xc8, 0x97, 0x32, 0xff,
    0xc8, 0x97, 0x32, 0xff, 0xc8, 0x97, 0x32, 0xff, 0xc8, 0x97, 0x32, 0xff,
    0xc8, 0x97, 0x32, 0xff, 0xc8, 0x97, 0x32, 0xff, 0xc8, 0x97, 0x32, 0xff,
    0xc8, 0x97, 0x32, 0xff, 0xc7, 0x96, 0x31, 0xef, 0xc8, 0x97, 0x32, 0x9f,
    0xcf, 0x9f, 0x30, 0x10
};
